,순번,구분,타입,계약면적(㎡),전용면적(㎡),대지면적(㎡),매매가,보증금 (단위: 만원),월세(단위:만원),주소,기타(세부주소)
0,1,용원동,월세,228.37,123.12,-,-,2000,150,경상남도 창원시 진해구 용원동 단지내상가 코리아시티,단지내상가 코리아시티2층
1,2,용원동,월세,203.24,113.97,-,-,1000,100,경상남도 창원시 진해구 용원동 일반상가 신항주상가,일반상가 신항주상가5층
2,3,용원동,월세,214.42,108.52,-,-,2000,120,경상남도 창원시 진해구 용원동 일반상가 드림타워,일반상가 드림타워4층
3,4,용원동,월세,182.48,98.48,-,-,2000,150,경상남도 창원시 진해구 용원동 일반상가 신항코리아시티,일반상가 신항코리아시티2층
4,5,용원동,월세,388.19,247.08,-,-,6000,300,경상남도 창원시 진해구 용원동 일반상가 재경빌딩,일반상가 재경빌딩3층
5,6,용원동,월세,272.92,153.05,-,-,3000,150,경상남도 창원시 진해구 용원동 일반상가 신항주상가,일반상가 신항주상가4층
6,7,용원동,월세,272.92,153.05,-,-,3000,150,경상남도 창원시 진해구 용원동 일반상가,일반상가4층
7,8,용원동,월세,397.25,397.25,-,-,6000,475,경상남도 창원시 진해구 용원동 일반상가,일반상가1층
8,9,용원동,월세,2542.1,583,-,-,40000,2400,경상남도 창원시 진해구 용원동 일반상가,일반상가1층
9,10,용원동,월세,228.37,123.12,-,-,2000,150,경상남도 창원시 진해구 용원동 일반상가 코리아시티,일반상가 코리아시티2층
10,11,용원동,매매,-,-,1296,60억,-,-,경상남도 창원시 진해구 용원동,대
11,12,용원동,매매,-,-,2899,9억,-,-,경상남도 창원시 진해구 용원동 답,답
12,13,용원동,매매,212,119.06,-,7억,-,-,경상남도 창원시 진해구 용원동 단지내상가 신항에비뉴타워,단지내상가 신항에비뉴타워2층
13,14,용원동,매매,276.65,151.33,-,"1억 5,000",-,-,경상남도 창원시 진해구 용원동 일반상가 용원빌딩,일반상가 용원빌딩6층
14,15,용원동,매매,-,-,3501,"1,059억",-,-,경상남도 창원시 진해구 용원동,대
15,16,용원동,매매,-,-,266,"3억 2,000",-,-,경상남도 창원시 진해구 용원동,대
16,17,용원동,매매,-,-,7769,155억,-,-,경상남도 창원시 진해구 용원동,대
17,18,용원동,매매,213.76,113.74,-,"9억 7,000",-,-,경상남도 창원시 진해구 용원동 일반상가 마린타워,일반상가 마린타워2층
18,19,용원동,매매,836.03,836.03,-,35억,-,-,경상남도 창원시 진해구 용원동 일반상가 맥도날드 옆,일반상가 맥도날드 옆2층
19,20,신호동,월세,237.04,172.72,-,-,2000,150,부산시 강서구 신호동 일반상가 골든뷰상가,일반상가 골든뷰상가5층
20,21,신호동,월세,337.57,205.32,-,-,2000,150,부산시 강서구 신호동 일반상가,일반상가4층
21,22,신호동,월세,307.71,218.02,-,-,3000,200,부산시 강서구 신호동 일반상가,일반상가2층
22,23,신호동,월세,218.02,218.02,-,-,3000,200,부산시 강서구 신호동 일반상가,일반상가2층
23,24,신호동,월세,655.94,108.24,-,-,2000,150,부산시 강서구 신호동 일반상가,일반상가2층
24,25,신호동,월세,-,-,3337.3,-,10000,1010,부산시 강서구 신호동,대
25,26,신호동,월세,280.19,42.97,-,-,2000,80,부산시 강서구 신호동 일반상가,일반상가1층
26,27,신호동,월세,610.64,403.88,-,-,5000,380,부산시 강서구 신호동 대형사무실,대형사무실2층
27,28,신호동,월세,307.7,218,-,-,3000,200,부산시 강서구 신호동 일반상가,일반상가2층
28,29,신호동,월세,280.27,218.02,-,-,3000,200,부산시 강서구 신호동 일반상가,일반상가2층
29,30,신호동,월세,240.78,147.06,-,-,3000,140,부산시 강서구 신호동 일반상가,일반상가2층
30,31,신호동,월세,172.56,131,-,-,1000,40,부산시 강서구 신호동 일반상가,일반상가3층
31,32,신호동,월세,218.02,218.02,-,-,3000,200,부산시 강서구 신호동 일반상가,일반상가2층
32,33,신호동,월세,307,218,-,-,3000,200,부산시 강서구 신호동 일반상가 골든뷰,일반상가 골든뷰2층
33,34,신호동,월세,307,218.02,-,-,3000,200,부산시 강서구 신호동 일반상가,일반상가2층
34,35,신호동,월세,209.44,209.44,-,-,3000,230,부산시 강서구 신호동 일반상가,일반상가2층
35,36,신호동,월세,190.96,146.94,-,-,2000,100,부산시 강서구 신호동 일반상가B,일반상가B1층
36,37,신호동,월세,-,-,550,-,1000,50,부산시 강서구 신호동,대
37,38,신호동,월세,218.02,218.02,-,-,3000,200,부산시 강서구 신호동 복합상가,복합상가2층
38,39,신호동,매매,-,-,1653,5억,-,-,부산시 강서구 신호동 잡종지,잡종지
39,40,신호동,매매,-,-,549.8,22억,-,-,부산시 강서구 신호동,대
40,41,신호동,매매,-,-,275.8,"5억 5,000",-,-,부산시 강서구 신호동,대
41,42,신호동,매매,-,-,661.16,22억,-,-,부산시 강서구 신호동,대
42,43,신호동,매매,-,-,202.5,"3억 7,000",-,-,부산시 강서구 신호동,대
43,44,신호동,매매,218.02,218.02,-,"5억 2,000",-,-,부산시 강서구 신호동 일반상가,일반상가2층
44,45,신호동,매매,-,-,642.1,17억,-,-,부산시 강서구 신호동,대
45,46,신호동,매매,-,-,225.2,"5억 5,000",-,-,부산시 강서구 신호동,대
46,47,신호동,매매,-,-,229.9,"5억 5,500",-,-,부산시 강서구 신호동,대
47,48,신호동,매매,170.68,106.88,-,2억,-,-,부산시 강서구 신호동 일반상가,일반상가1층
48,49,신호동,매매,-,-,230,4억,-,-,부산시 강서구 신호동,대
49,50,신호동,매매,-,-,276,5억,-,-,부산시 강서구 신호동,대
50,51,신호동,매매,-,-,194,"3억 8,000",-,-,부산시 강서구 신호동,대
51,52,신호동,매매,-,-,660,20억,-,-,부산시 강서구 신호동,대
52,53,신호동,매매,319.75,213.6,-,2억 350,-,-,부산시 강서구 신호동 일반상가,일반상가4층
53,54,신호동,매매,-,-,550,"11억 2,000",-,-,부산시 강서구 신호동,대
54,55,신호동,매매,-,-,522.5,13억,-,-,부산시 강서구 신호동,대
55,56,신호동,매매,-,-,550,10억,-,-,부산시 강서구 신호동,대
56,57,신호동,매매,237.04,172.72,-,3억,-,-,부산시 강서구 신호동 일반상가 골든뷰,일반상가 골든뷰5층
57,58,신호동,매매,-,-,239.9,"4억 6,000",-,-,부산시 강서구 신호동,대
58,59,신호동,매매,-,-,230,"5억 2,500",-,-,부산시 강서구 신호동,대
59,60,신호동,매매,-,-,230,"5억 2,500",-,-,부산시 강서구 신호동,대
60,61,신호동,매매,-,-,194.1,"3억 8,100",-,-,부산시 강서구 신호동,대
61,62,명지동,전세,203.9,122.4,-,-,-,-,부산시 강서구 명지동 일반상가 네오웨스턴스퀘어,일반상가 네오웨스턴스퀘어2층
62,63,명지동,월세,287.6,167.96,-,-,2000,80,부산시 강서구 명지동 일반상가,일반상가8층
63,64,명지동,월세,370.6,370.6,-,-,5000,345,부산시 강서구 명지동 일반상가,일반상가2층
64,65,명지동,월세,165.02,165.02,-,-,4000,320,부산시 강서구 명지동 일반상가,일반상가1층
65,66,명지동,월세,284.2,167.6,-,-,2000,100,부산시 강서구 명지동 일반상가,일반상가3층
66,67,명지동,월세,428,266,-,-,5000,200,부산시 강서구 명지동 일반상가,일반상가3층
67,68,명지동,월세,422.47,422.47,-,-,7000,550,부산시 강서구 명지동 복합상가,복합상가4층
68,69,명지동,월세,293.37,182.8,-,-,3000,120,부산시 강서구 명지동 일반상가,일반상가6층
69,70,명지동,월세,305.4,134.88,-,-,3000,180,부산시 강서구 명지동 중소형사무실,중소형사무실8층
70,71,명지동,월세,271.82,115.32,-,-,3000,150,부산시 강서구 명지동 복합상가,복합상가2층
71,72,명지동,월세,172.48,172.48,-,-,3000,190,부산시 강서구 명지동 일반상가,일반상가1층
72,73,명지동,월세,297.1,131.2,-,-,3000,180,부산시 강서구 명지동 중소형사무실1,중소형사무실15층
73,74,명지동,월세,295.2,130.4,-,-,3000,180,부산시 강서구 명지동 중소형사무실1,중소형사무실16층
74,75,명지동,월세,303.86,134.2,-,-,3000,180,부산시 강서구 명지동 중소형사무실,중소형사무실8층
75,76,명지동,월세,282,250,-,-,3000,160,부산시 강서구 명지동 일반상가,일반상가2층
76,77,명지동,월세,1694.46,1694.46,-,-,-,1200,부산시 강서구 명지동 일반상가,일반상가1층
77,78,명지동,월세,357.64,157.95,-,-,3000,220,부산시 강서구 명지동 중소형사무실1,중소형사무실12층
78,79,명지동,월세,294,294,-,-,6000,300,부산시 강서구 명지동 일반상가,일반상가2층
79,80,명지동,월세,201.53,116.2,-,-,2000,110,부산시 강서구 명지동 일반상가,일반상가2층
80,81,명지동,월세,352.3,155.59,-,-,3000,220,부산시 강서구 명지동 중소형사무실1,중소형사무실13층
81,82,명지동,월세,347,153.25,-,-,3000,220,부산시 강서구 명지동 중소형사무실1,중소형사무실14층
82,83,명지동,월세,294,294,-,-,6000,300,부산시 강서구 명지동 일반상가 누리프라자,일반상가 누리프라자2층
83,84,명지동,월세,200,141,-,-,5000,400,부산시 강서구 명지동 일반상가,일반상가2층
84,85,명지동,월세,170,122.4,-,-,1000,100,부산시 강서구 명지동 일반상가 네오웨스턴스퀘어,일반상가 네오웨스턴스퀘어2층
85,86,명지동,월세,181.07,100.89,-,-,1000,70,부산시 강서구 명지동 중소형사무실 플러스시티주건축물,중소형사무실 플러스시티주건축물7층
86,87,명지동,월세,324.14,187.5,-,-,3000,180,부산시 강서구 명지동 일반상가,일반상가4층
87,88,명지동,월세,524.03,300.72,-,-,5000,500,부산시 강서구 명지동 일반상가,일반상가3층
88,89,명지동,월세,287.1,287.1,-,-,10000,550,부산시 강서구 명지동 일반상가,일반상가3층
89,90,명지동,월세,321.3,141.9,-,-,3000,200,부산시 강서구 명지동 대형사무실1,대형사무실19층
90,91,명지동,월세,169.68,74.94,-,-,3000,100,부산시 강서구 명지동 중소형사무실 퍼스트월드 샤인1,중소형사무실 퍼스트월드 샤인16층
91,92,명지동,월세,165.45,103.1,-,-,2000,100,부산시 강서구 명지동 일반상가,일반상가3층
92,93,명지동,월세,178,107.5,-,-,1000,70,부산시 강서구 명지동 일반상가,일반상가7층
93,94,명지동,월세,284.75,125.76,-,-,3000,220,부산시 강서구 명지동 중소형사무실,중소형사무실3층
94,95,명지동,월세,293.37,182.8,-,-,3000,130,부산시 강서구 명지동 일반상가,일반상가6층
95,96,명지동,월세,360.25,159.1,-,-,4000,250,부산시 강서구 명지동 대형사무실1,대형사무실13층
96,97,명지동,월세,370,163.4,-,-,3000,240,부산시 강서구 명지동 중소형사무실1,중소형사무실11층
97,98,명지동,월세,370,163.4,-,-,3000,240,부산시 강서구 명지동 중소형사무실1,중소형사무실11층
98,99,명지동,월세,186.24,110.7,-,-,2000,100,부산시 강서구 명지동 일반상가,일반상가2층
99,100,명지동,월세,250,250,-,-,7000,300,부산시 강서구 명지동 일반상가,일반상가3층
100,101,명지동,월세,324.14,187.5,-,-,3000,170,부산시 강서구 명지동 일반상가,일반상가4층
101,102,명지동,월세,250,136,-,-,3000,150,부산시 강서구 명지동 일반상가 네오웨스턴스퀘어,일반상가 네오웨스턴스퀘어2층
102,103,명지동,월세,170,140,-,-,3000,120,부산시 강서구 명지동 일반상가,일반상가2층
103,104,명지동,월세,166.31,103.63,-,-,2000,70,부산시 강서구 명지동 일반상가,일반상가9층
104,105,명지동,월세,187,118,-,-,2000,60,부산시 강서구 명지동 일반상가 대산골든스퀘어,일반상가 대산골든스퀘어6층
105,106,명지동,월세,191,100,-,-,1000,70,부산시 강서구 명지동 일반상가 플러스시티,일반상가 플러스시티2층
106,107,명지동,월세,200,140,-,-,2000,100,부산시 강서구 명지동 일반상가 더프라임,일반상가 더프라임4층
107,108,명지동,월세,407,225,-,-,2000,130,부산시 강서구 명지동 일반상가 플러스시티,일반상가 플러스시티9층
108,109,명지동,월세,246.34,188.57,-,-,3000,140,부산시 강서구 명지동 대형사무실,대형사무실5층
109,110,명지동,월세,203.9,122.4,-,-,3000,120,부산시 강서구 명지동 일반상가 네오웨스턴스퀘어,일반상가 네오웨스턴스퀘어2층
110,111,명지동,월세,192,100.8,-,-,1000,60,부산시 강서구 명지동 일반상가 플러스시티,일반상가 플러스시티7층
111,112,명지동,월세,298.28,180,-,-,2000,180,부산시 강서구 명지동 일반상가,일반상가2층
112,113,명지동,월세,165.2,165.2,-,-,3000,300,부산시 강서구 명지동 일반상가,일반상가1층
113,114,명지동,월세,215,215,-,-,4000,200,부산시 강서구 명지동 일반상가,일반상가3층
114,115,명지동,월세,300,140.25,-,-,3000,150,부산시 강서구 명지동 일반상가 모아진빌딩,일반상가 모아진빌딩2층
115,116,명지동,월세,206.04,103.09,-,-,2000,70,부산시 강서구 명지동 일반상가 대산골든스퀘어1,일반상가 대산골든스퀘어10층
116,117,명지동,월세,224.7,139.8,-,-,3000,180,부산시 강서구 명지동 일반상가,일반상가2층
117,118,명지동,월세,433.8,53.3,-,-,1000,90,부산시 강서구 명지동 대형사무실,대형사무실2층
118,119,명지동,월세,294,294,-,-,6000,300,부산시 강서구 명지동 일반상가,일반상가2층
119,120,명지동,월세,170,105,-,-,3000,130,부산시 강서구 명지동 일반상가,일반상가4층
120,121,명지동,월세,187.74,113.22,-,-,1000,50,부산시 강서구 명지동 일반상가,일반상가5층
121,122,명지동,월세,170,143,-,-,3000,250,부산시 강서구 명지동 일반상가 국제타워,일반상가 국제타워2층
122,123,명지동,월세,214.24,124.7,-,-,2000,80,부산시 강서구 명지동 일반상가 명지에프엔비,일반상가 명지에프엔비7층
123,124,명지동,월세,168.3,126.48,-,-,3000,130,부산시 강서구 명지동 일반상가,일반상가5층
124,125,명지동,월세,208,126,-,-,2000,100,부산시 강서구 명지동 일반상가 제이티프라자,일반상가 제이티프라자6층
125,126,명지동,월세,299.02,131.72,-,-,3000,200,부산시 강서구 명지동 중소형사무실1,중소형사무실13층
126,127,명지동,월세,233.25,122.4,-,-,2000,100,부산시 강서구 명지동 일반상가 네오웨스턴스퀘어,일반상가 네오웨스턴스퀘어2층
127,128,명지동,월세,305.4,134.88,-,-,3000,180,부산시 강서구 명지동 중소형사무실,중소형사무실8층
128,129,명지동,월세,211.69,211.69,-,-,5000,450,부산시 강서구 명지동 일반상가,일반상가1층
129,130,명지동,월세,389.16,256.62,-,-,5000,600,부산시 강서구 명지동 일반상가,일반상가1층
130,131,명지동,월세,169.67,71.99,-,-,1000,90,부산시 강서구 명지동 단지내상가 명지대방디엠시티1차,단지내상가 명지대방디엠시티1차2층
131,132,명지동,월세,165.99,85.72,-,-,1000,80,부산시 강서구 명지동 단지내상가 이편한세상명지,단지내상가 이편한세상명지2층
132,133,명지동,월세,743.47,414.55,-,-,9000,600,부산시 강서구 명지동 일반상가,일반상가4층
133,134,명지동,월세,209.6,120.32,-,-,3000,110,부산시 강서구 명지동 일반상가,일반상가7층
134,135,명지동,월세,209.6,120.32,-,-,3000,110,부산시 강서구 명지동 일반상가,일반상가7층
135,136,명지동,월세,214.3,122,-,-,3000,150,부산시 강서구 명지동 일반상가,일반상가4층
136,137,명지동,월세,1012,1012,-,-,10000,800,부산시 강서구 명지동 일반상가1,일반상가10층
137,138,명지동,월세,165,93,-,-,1000,60,부산시 강서구 명지동 중소형사무실 kb타워,중소형사무실 kb타워6층
138,139,명지동,월세,175.2,175.2,-,-,3000,200,부산시 강서구 명지동 일반상가,일반상가9층
139,140,명지동,월세,915.5,256.62,-,-,5000,600,부산시 강서구 명지동 복합상가,복합상가1층
140,141,명지동,월세,282.74,172.26,-,-,3000,90,부산시 강서구 명지동 일반상가,일반상가3층
141,142,명지동,월세,190.32,190.32,-,-,3000,250,부산시 강서구 명지동 일반상가,일반상가2층
142,143,명지동,월세,176.09,105.78,-,-,3000,150,부산시 강서구 명지동 일반상가,일반상가7층
143,144,명지동,월세,351.2,351.2,-,-,5000,345,부산시 강서구 명지동 일반상가,일반상가2층
144,145,명지동,월세,204.35,119.34,-,-,2000,70,부산시 강서구 명지동 일반상가,일반상가4층
145,146,명지동,월세,248.3,144,-,-,3000,150,부산시 강서구 명지동 일반상가1,일반상가10층
146,147,명지동,월세,188.13,109.85,-,-,5000,250,부산시 강서구 명지동 일반상가,일반상가1층
147,148,명지동,월세,246.77,137.6,-,-,2000,130,부산시 강서구 명지동 일반상가,일반상가4층
148,149,명지동,월세,351.2,351.2,-,-,5000,345,부산시 강서구 명지동 일반상가,일반상가2층
149,150,명지동,월세,583,583,-,-,7500,550,부산시 강서구 명지동 일반상가,일반상가2층
150,151,명지동,월세,813.04,596.62,-,-,-,1100,부산시 강서구 명지동 대형사무실2,대형사무실22층
151,152,명지동,월세,261.15,145.45,-,-,2000,130,부산시 강서구 명지동 복합상가 삼성빌딩,복합상가 삼성빌딩5층
152,153,명지동,월세,236.86,136.67,-,-,2000,120,부산시 강서구 명지동 일반상가,일반상가5층
153,154,명지동,월세,685,423,-,-,7000,600,부산시 강서구 명지동 일반상가 삼성빌딩,일반상가 삼성빌딩4층
154,155,명지동,월세,286.15,235.4,-,-,3000,230,부산시 강서구 명지동 일반상가,일반상가2층
155,156,명지동,월세,172.48,172.48,-,-,3000,190,부산시 강서구 명지동 일반상가,일반상가1층
156,157,명지동,월세,743,414,-,-,9000,600,부산시 강서구 명지동 일반상가1,일반상가11층
157,158,명지동,월세,287.6,167.96,-,-,2000,150,부산시 강서구 명지동 일반상가,일반상가2층
158,159,명지동,월세,175.76,107.5,-,-,2000,100,부산시 강서구 명지동 일반상가,일반상가4층
159,160,명지동,월세,208.79,126,-,-,3000,120,부산시 강서구 명지동 일반상가,일반상가3층
160,161,명지동,월세,351,351,-,-,5000,345,부산시 강서구 명지동 일반상가,일반상가2층
161,162,명지동,월세,180,94.8,-,-,1000,60,부산시 강서구 명지동 일반상가 네오웨스턴스퀘어,일반상가 네오웨스턴스퀘어2층
162,163,명지동,월세,181.07,104.4,-,-,2000,90,부산시 강서구 명지동 일반상가,일반상가2층
163,164,명지동,월세,209.62,126.42,-,-,2000,110,부산시 강서구 명지동 일반상가,일반상가4층
164,165,명지동,월세,171.9,171.9,-,-,2000,120,부산시 강서구 명지동 일반상가,일반상가6층
165,166,명지동,월세,211.69,211.69,-,-,7000,400,부산시 강서구 명지동 단지내상가 태림프라자,단지내상가 태림프라자1층
166,167,명지동,월세,174.12,105,-,-,2000,60,부산시 강서구 명지동 일반상가,일반상가3층
167,168,명지동,월세,174.12,105,-,-,3000,120,부산시 강서구 명지동 일반상가,일반상가4층
168,169,명지동,월세,174.12,105,-,-,1000,100,부산시 강서구 명지동 일반상가,일반상가4층
169,170,명지동,월세,176.26,131.48,-,-,2000,150,부산시 강서구 명지동 일반상가,일반상가2층
170,171,명지동,월세,321.7,187.62,-,-,2000,150,부산시 강서구 명지동 단지내상가,단지내상가2층
171,172,명지동,월세,285,126,-,-,3000,200,부산시 강서구 명지동 대형사무실 더샵퍼스트월드 샤인2,대형사무실 더샵퍼스트월드 샤인21층
172,173,명지동,월세,174.12,105,-,-,2000,100,부산시 강서구 명지동 일반상가,일반상가4층
173,174,명지동,월세,209.5,121,-,-,2000,60,부산시 강서구 명지동 일반상가,일반상가4층
174,175,명지동,월세,317,179,-,-,3000,140,부산시 강서구 명지동 일반상가 더프라임,일반상가 더프라임9층
175,176,명지동,월세,262.23,151.2,-,-,2000,180,부산시 강서구 명지동 일반상가,일반상가2층
176,177,명지동,월세,169.61,92.72,-,-,2000,90,부산시 강서구 명지동 일반상가,일반상가2층
177,178,명지동,월세,195.03,113.74,-,-,2000,100,부산시 강서구 명지동 일반상가,일반상가2층
178,179,명지동,월세,349.03,349.03,-,-,10000,500,부산시 강서구 명지동 일반상가,일반상가1층
179,180,명지동,월세,165.45,103.09,-,-,1000,80,부산시 강서구 명지동 일반상가,일반상가7층
180,181,명지동,월세,196.29,113.18,-,-,2000,150,부산시 강서구 명지동 일반상가,일반상가2층
181,182,명지동,월세,233.25,122.4,-,-,2000,120,부산시 강서구 명지동 일반상가,일반상가2층
182,183,명지동,월세,220,159,-,-,2000,180,부산시 강서구 명지동 일반상가 퍼스트삼융,일반상가 퍼스트삼융3층
183,184,명지동,월세,246,155,-,-,2000,90,부산시 강서구 명지동 일반상가 대산골든스퀘어,일반상가 대산골든스퀘어3층
184,185,명지동,월세,175.76,107.5,-,-,2000,110,부산시 강서구 명지동 일반상가,일반상가4층
185,186,명지동,월세,235.7,140.1,-,-,1000,80,부산시 강서구 명지동 일반상가,일반상가6층
186,187,명지동,월세,174,105,-,-,2000,150,부산시 강서구 명지동 일반상가,일반상가2층
187,188,명지동,월세,238.61,144,-,-,3000,150,부산시 강서구 명지동 일반상가,일반상가2층
188,189,명지동,월세,196.29,113.18,-,-,2000,120,부산시 강서구 명지동 일반상가,일반상가4층
189,190,명지동,월세,207.89,115.83,-,-,1000,70,부산시 강서구 명지동 일반상가,일반상가4층
190,191,명지동,월세,206.57,147.63,-,-,3000,130,부산시 강서구 명지동 일반상가,일반상가2층
191,192,명지동,월세,184.54,106.4,-,-,1000,100,부산시 강서구 명지동 단지내상가,단지내상가4층
192,193,명지동,월세,208.8,111,-,-,3000,130,부산시 강서구 명지동 일반상가,일반상가5층
193,194,명지동,월세,195.03,113.74,-,-,2000,100,부산시 강서구 명지동 일반상가 대명프라자,일반상가 대명프라자2층
194,195,명지동,월세,172.09,172.09,-,-,10000,400,부산시 강서구 명지동 일반상가,일반상가2층
195,196,명지동,월세,297,82.64,-,-,2000,160,부산시 강서구 명지동 일반상가,일반상가1층
196,197,명지동,월세,195,138.8,-,-,2000,200,부산시 강서구 명지동 일반상가,일반상가1층
197,198,명지동,월세,198.3,142.1,-,-,3000,230,부산시 강서구 명지동 일반상가 명진빌,일반상가 명진빌1층
198,199,명지동,월세,203,121,-,-,2000,65,부산시 강서구 명지동 일반상가,일반상가5층
199,200,명지동,월세,235.54,145.19,-,-,2000,130,부산시 강서구 명지동 일반상가,일반상가5층
200,201,명지동,월세,287.6,167.96,-,-,2000,80,부산시 강서구 명지동 일반상가1,일반상가11층
201,202,명지동,월세,287.6,167.96,-,-,2000,90,부산시 강서구 명지동 일반상가1,일반상가11층
202,203,명지동,월세,199,104,-,-,2000,80,부산시 강서구 명지동 일반상가 네오웨스턴스퀘어,일반상가 네오웨스턴스퀘어3층
203,204,명지동,월세,277,211.9,-,-,5000,400,부산시 강서구 명지동 일반상가,일반상가1층
204,205,명지동,월세,216.97,142.79,-,-,3000,190,부산시 강서구 명지동 일반상가,일반상가5층
205,206,명지동,월세,245.58,245,-,-,5000,200,부산시 강서구 명지동 일반상가,일반상가9층
206,207,명지동,월세,178,107,-,-,2000,110,부산시 강서구 명지동 일반상가 에코팰리스,일반상가 에코팰리스4층
207,208,명지동,월세,250,190,-,-,10000,600,부산시 강서구 명지동 일반상가 대방디엠시티센텀오션1차,일반상가 대방디엠시티센텀오션1차2층
208,209,명지동,월세,182.47,182.47,-,-,3000,250,부산시 강서구 명지동 일반상가,일반상가1층
209,210,명지동,월세,352.84,116.17,-,-,3000,150,부산시 강서구 명지동 단지내상가,단지내상가2층
210,211,명지동,월세,174.12,105,-,-,2000,70,부산시 강서구 명지동 일반상가,일반상가3층
211,212,명지동,월세,294,67.2,-,-,3000,160,부산시 강서구 명지동 일반상가,일반상가1층
212,213,명지동,월세,171.39,69.28,-,-,2000,100,부산시 강서구 명지동 단지내상가,단지내상가2층
213,214,명지동,월세,180.37,90.65,-,-,1000,60,부산시 강서구 명지동 일반상가 명지 청산오션타워,일반상가 명지 청산오션타워3층
214,215,명지동,월세,308.56,308,-,-,10000,1000,부산시 강서구 명지동 일반상가,일반상가1층
215,216,명지동,월세,449.82,190.84,-,-,3000,300,부산시 강서구 명지동 단지내상가,단지내상가2층
216,217,명지동,월세,324.1,187.5,-,-,3000,170,부산시 강서구 명지동 복합상가,복합상가4층
217,218,명지동,월세,325,137.09,-,-,2000,200,부산시 강서구 명지동 단지내상가 대방디엠시티 센텀오션1차,단지내상가 대방디엠시티 센텀오션1차2층
218,219,명지동,월세,203.93,122.4,-,-,2000,100,부산시 강서구 명지동 일반상가,일반상가2층
219,220,명지동,월세,273.05,273.05,-,-,10000,400,부산시 강서구 명지동 일반상가,일반상가2층
220,221,명지동,월세,273.05,273.05,-,-,10000,400,부산시 강서구 명지동 일반상가,일반상가2층
221,222,명지동,월세,188.32,109.61,-,-,3000,100,부산시 강서구 명지동 일반상가,일반상가2층
222,223,명지동,월세,214.25,124.7,-,-,3000,150,부산시 강서구 명지동 일반상가,일반상가3층
223,224,명지동,월세,215,182,-,-,3000,250,부산시 강서구 명지동 일반상가 바이크,일반상가 바이크1층
224,225,명지동,월세,276,159,-,-,2000,130,부산시 강서구 명지동 일반상가 퍼스트삼융,일반상가 퍼스트삼융3층
225,226,명지동,월세,166,103.09,-,-,2000,70,부산시 강서구 명지동 일반상가,일반상가6층
226,227,명지동,월세,165.45,103.1,-,-,2000,80,부산시 강서구 명지동 일반상가,일반상가7층
227,228,명지동,월세,166.31,103.63,-,-,2000,70,부산시 강서구 명지동 일반상가,일반상가9층
228,229,명지동,월세,521.74,400,-,-,10000,500,부산시 강서구 명지동 일반상가,일반상가1층
229,230,명지동,월세,188.08,175.56,-,-,3000,130,부산시 강서구 명지동 일반상가,일반상가5층
230,231,명지동,월세,297,252,-,-,10000,400,부산시 강서구 명지동 일반상가,일반상가2층
231,232,명지동,월세,462,289,-,-,2000,70,부산시 강서구 명지동 일반상가 대산골든스퀘어,일반상가 대산골든스퀘어5층
232,233,명지동,월세,207.27,207.27,-,-,5000,180,부산시 강서구 명지동 일반상가,일반상가6층
233,234,명지동,월세,234,140,-,-,2000,80,부산시 강서구 명지동 일반상가 플러스존2,일반상가 플러스존25층
234,235,명지동,월세,165.2,149.76,-,-,2000,130,부산시 강서구 명지동 중소형사무실,중소형사무실4층
235,236,명지동,월세,196,113,-,-,2000,140,부산시 강서구 명지동 중소형사무실 퍼스트삼융,중소형사무실 퍼스트삼융2층
236,237,명지동,월세,228.8,228.8,-,-,8000,300,부산시 강서구 명지동 일반상가,일반상가3층
237,238,명지동,월세,242.5,146.25,-,-,2000,160,부산시 강서구 명지동 일반상가,일반상가2층
238,239,명지동,월세,207.89,115.83,-,-,2000,90,부산시 강서구 명지동 단지내상가 플러스시티,단지내상가 플러스시티4층
239,240,명지동,월세,186.2,110.7,-,-,2000,100,부산시 강서구 명지동 일반상가,일반상가2층
240,241,명지동,월세,235.12,140.25,-,-,2000,120,부산시 강서구 명지동 일반상가,일반상가2층
241,242,명지동,월세,208.8,126,-,-,2000,100,부산시 강서구 명지동 일반상가,일반상가6층
242,243,명지동,월세,182.7,110.25,-,-,1000,100,부산시 강서구 명지동 일반상가 제이티프라자,일반상가 제이티프라자3층
243,244,명지동,월세,287,167.9,-,-,2000,100,부산시 강서구 명지동 일반상가 플러스타워,일반상가 플러스타워7층
244,245,명지동,월세,204,121,-,-,1000,100,부산시 강서구 명지동 일반상가 플러스존2,일반상가 플러스존22층
245,246,명지동,월세,287,167.9,-,-,2000,80,부산시 강서구 명지동 일반상가 플러스타워,일반상가 플러스타워7층
246,247,명지동,월세,338.2,149.4,-,-,3000,270,부산시 강서구 명지동 중소형사무실 퍼스트월드샤인1,중소형사무실 퍼스트월드샤인17층
247,248,명지동,월세,296.54,176.26,-,-,2000,150,부산시 강서구 명지동 일반상가,일반상가4층
248,249,명지동,월세,246,155,-,-,2000,100,부산시 강서구 명지동 일반상가 대산골든스퀘어,일반상가 대산골든스퀘어4층
249,250,명지동,월세,287.4,167.9,-,-,2000,100,부산시 강서구 명지동 일반상가1,일반상가10층
250,251,명지동,월세,200,135,-,-,2000,100,부산시 강서구 명지동 일반상가 네오웨스턴 스퀘어,일반상가 네오웨스턴 스퀘어3층
251,252,명지동,월세,200,150,-,-,3000,150,부산시 강서구 명지동 일반상가,일반상가3층
252,253,명지동,월세,222,128,-,-,2000,60,부산시 강서구 명지동 일반상가 대산골든스퀘어,일반상가 대산골든스퀘어6층
253,254,명지동,월세,223.98,129.88,-,-,3000,170,부산시 강서구 명지동 일반상가,일반상가2층
254,255,명지동,월세,186.93,186.93,-,-,1000,250,부산시 강서구 명지동 일반상가,일반상가1층
255,256,명지동,월세,327.29,144.68,-,-,4000,250,부산시 강서구 명지동 대형사무실1,대형사무실19층
256,257,명지동,월세,170,122,-,-,2000,180,부산시 강서구 명지동 일반상가 네오웨스턴상가,일반상가 네오웨스턴상가2층
257,258,명지동,월세,327.29,144.68,-,-,4000,250,부산시 강서구 명지동 대형사무실1,대형사무실19층
258,259,명지동,월세,287,167.9,-,-,2000,80,부산시 강서구 명지동 일반상가 플러스타워1,일반상가 플러스타워11층
259,260,명지동,월세,357.64,157.95,-,-,3000,220,부산시 강서구 명지동 중소형사무실1,중소형사무실12층
260,261,명지동,월세,235.75,140.13,-,-,1000,70,부산시 강서구 명지동 일반상가 플러스존2,일반상가 플러스존26층
261,262,명지동,월세,463.8,250.16,-,-,7000,300,부산시 강서구 명지동 일반상가,일반상가3층
262,263,명지동,월세,165.02,165.02,-,-,3000,300,부산시 강서구 명지동 일반상가,일반상가1층
263,264,명지동,월세,175.17,140,-,-,2000,170,부산시 강서구 명지동 일반상가,일반상가2층
264,265,명지동,월세,250,131,-,-,2000,80,부산시 강서구 명지동 일반상가 네오웨스턴스퀘어,일반상가 네오웨스턴스퀘어3층
265,266,명지동,월세,317.25,188.57,-,-,3000,100,부산시 강서구 명지동 일반상가,일반상가4층
266,267,명지동,월세,191.82,49.58,-,-,300,68,부산시 강서구 명지동 일반상가,일반상가5층
267,268,명지동,월세,174,105,-,-,2000,110,부산시 강서구 명지동 일반상가,일반상가4층
268,269,명지동,월세,233.25,122.4,-,-,2000,100,부산시 강서구 명지동 일반상가,일반상가2층
269,270,명지동,월세,200,140,-,-,3000,150,부산시 강서구 명지동 일반상가,일반상가3층
270,271,명지동,월세,165,103,-,-,2000,70,부산시 강서구 명지동 일반상가 대산골든스퀘어1,일반상가 대산골든스퀘어10층
271,272,명지동,월세,287.6,167.96,-,-,2000,90,부산시 강서구 명지동 일반상가1,일반상가10층
272,273,명지동,월세,233.25,122.4,-,-,2000,100,부산시 강서구 명지동 일반상가 네오웨스턴스퀘어,일반상가 네오웨스턴스퀘어2층
273,274,명지동,월세,348.16,190.32,-,-,2000,250,부산시 강서구 명지동 일반상가,일반상가2층
274,275,명지동,월세,214.7,124.7,-,-,2000,100,부산시 강서구 명지동 일반상가,일반상가7층
275,276,명지동,월세,200,137,-,-,3000,150,부산시 강서구 명지동 복합상가,복합상가2층
276,277,명지동,월세,181.07,104.4,-,-,2000,90,부산시 강서구 명지동 일반상가,일반상가2층
277,278,명지동,월세,174.12,105,-,-,2000,120,부산시 강서구 명지동 일반상가,일반상가4층
278,279,명지동,월세,287.6,167.96,-,-,2000,100,부산시 강서구 명지동 일반상가,일반상가7층
279,280,명지동,월세,174.12,105,-,-,1000,70,부산시 강서구 명지동 일반상가1,일반상가10층
280,281,명지동,월세,189.74,152.82,-,-,2000,60,부산시 강서구 명지동 일반상가,일반상가6층
281,282,명지동,월세,211,111,-,-,1000,80,부산시 강서구 명지동 일반상가 네오웨스턴스퀘어,일반상가 네오웨스턴스퀘어3층
282,283,명지동,월세,214,119.6,-,-,2000,70,부산시 강서구 명지동 일반상가 플러스시티,일반상가 플러스시티6층
283,284,명지동,월세,174,105,-,-,1000,70,부산시 강서구 명지동 일반상가 에코팰리스1,일반상가 에코팰리스10층
284,285,명지동,월세,181.07,95.02,-,-,1000,60,부산시 강서구 명지동 일반상가,일반상가2층
285,286,명지동,월세,165.45,103.09,-,-,1500,70,부산시 강서구 명지동 일반상가,일반상가5층
286,287,명지동,월세,181,104,-,-,1000,70,부산시 강서구 명지동 일반상가,일반상가7층
287,288,명지동,월세,222.75,179.73,-,-,3000,140,부산시 강서구 명지동 일반상가,일반상가9층
288,289,명지동,월세,184,106,-,-,2000,140,부산시 강서구 명지동 일반상가 퍼스트삼융,일반상가 퍼스트삼융3층
289,290,명지동,월세,165.02,165.02,-,-,3000,250,부산시 강서구 명지동 단지내상가,단지내상가1층
290,291,명지동,월세,230,133,-,-,2000,100,부산시 강서구 명지동 일반상가 플러스존1,일반상가 플러스존12층
291,292,명지동,월세,317.45,179.73,-,-,3000,140,부산시 강서구 명지동 일반상가,일반상가9층
292,293,명지동,월세,221.79,133.75,-,-,2000,120,부산시 강서구 명지동 일반상가,일반상가8층
293,294,명지동,월세,296.02,256.62,-,-,7000,600,부산시 강서구 명지동 일반상가,일반상가1층
294,295,명지동,월세,167.49,104.4,-,-,2000,80,부산시 강서구 명지동 일반상가,일반상가3층
295,296,명지동,월세,201.87,151.2,-,-,2000,150,부산시 강서구 명지동 중소형사무실,중소형사무실3층
296,297,명지동,월세,200,130,-,-,3000,150,부산시 강서구 명지동 일반상가 음식점하기 좋은 코너상가 포스코 바,일반상가 음식점하기 좋은 코너상가 포스코 바3층
297,298,명지동,월세,165.45,103.09,-,-,1000,60,부산시 강서구 명지동 일반상가,일반상가6층
298,299,명지동,월세,175.17,140,-,-,2000,170,부산시 강서구 명지동 일반상가,일반상가2층
299,300,명지동,월세,182,105,-,-,2000,100,부산시 강서구 명지동 중소형사무실,중소형사무실2층
300,301,명지동,월세,287.6,167.96,-,-,2000,90,부산시 강서구 명지동 일반상가1,일반상가11층
301,302,명지동,월세,296.54,176.26,-,-,2000,130,부산시 강서구 명지동 일반상가,일반상가6층
302,303,명지동,월세,183,109,-,-,1000,60,부산시 강서구 명지동 일반상가 플러스존2,일반상가 플러스존23층
303,304,명지동,월세,182.11,105,-,-,2000,120,부산시 강서구 명지동 일반상가,일반상가2층
304,305,명지동,월세,280.03,163.54,-,-,2000,80,부산시 강서구 명지동 일반상가,일반상가6층
305,306,명지동,월세,167.83,74.12,-,-,2000,130,부산시 강서구 명지동 중소형사무실1,중소형사무실14층
306,307,명지동,월세,243,243,-,-,6000,300,부산시 강서구 명지동 일반상가,일반상가3층
307,308,명지동,월세,1425.69,779.34,-,-,20000,1000,부산시 강서구 명지동 일반상가1,일반상가11층
308,309,명지동,월세,214.24,124.7,-,-,2000,100,부산시 강서구 명지동 일반상가,일반상가4층
309,310,명지동,월세,191.7,132.2,-,-,3000,180,부산시 강서구 명지동 일반상가,일반상가1층
310,311,명지동,월세,219.96,134.01,-,-,3000,130,부산시 강서구 명지동 일반상가,일반상가3층
311,312,명지동,월세,195.03,113.74,-,-,2000,80,부산시 강서구 명지동 일반상가 대명프라자,일반상가 대명프라자2층
312,313,명지동,월세,296.02,256.62,-,-,5000,600,부산시 강서구 명지동 일반상가,일반상가1층
313,314,명지동,월세,167.83,74.12,-,-,2000,130,부산시 강서구 명지동 중소형사무실,중소형사무실9층
314,315,명지동,월세,186,110,-,-,1500,65,부산시 강서구 명지동 일반상가 플러스존2,일반상가 플러스존23층
315,316,명지동,월세,611.67,330,-,-,10000,550,부산시 강서구 명지동 일반상가,일반상가2층
316,317,명지동,월세,519.52,259.76,-,-,4000,200,부산시 강서구 명지동 일반상가,일반상가9층
317,318,명지동,월세,1738.86,1012.08,-,-,10000,800,부산시 강서구 명지동 일반상가1,일반상가10층
318,319,명지동,월세,1083.03,1083.03,-,-,30000,1000,부산시 강서구 명지동 복합상가,복합상가2층
319,320,명지동,월세,354.7,156.65,-,-,4000,280,부산시 강서구 명지동 대형사무실1,대형사무실14층
320,321,명지동,월세,345,206,-,-,4000,240,부산시 강서구 명지동 일반상가,일반상가2층
321,322,명지동,월세,-,-,1324.9,-,4000,400,부산시 강서구 명지동 주차장,주차장
322,323,명지동,월세,261.1,153.7,-,-,2000,180,부산시 강서구 명지동 일반상가 포르스빌,일반상가 포르스빌1층
323,324,명지동,월세,492,73,-,-,3000,160,부산시 강서구 명지동 일반상가,일반상가1층
324,325,명지동,월세,406.66,226.57,-,-,3000,150,부산시 강서구 명지동 일반상가,일반상가9층
325,326,명지동,월세,277.8,211.7,-,-,5000,400,부산시 강서구 명지동 일반상가,일반상가1층
326,327,명지동,월세,282,250,-,-,3000,160,부산시 강서구 명지동 일반상가 씨엘주차타워,일반상가 씨엘주차타워2층
327,328,명지동,월세,931.1,88.92,-,-,2000,100,부산시 강서구 명지동 복합상가,복합상가3층
328,329,명지동,월세,264.46,155.37,-,-,3500,190,부산시 강서구 명지동 복합상가 G타워,복합상가 G타워3층
329,330,명지동,월세,165.45,103.09,-,-,1000,70,부산시 강서구 명지동 중소형사무실,중소형사무실5층
330,331,명지동,월세,280,163.5,-,-,2000,110,부산시 강서구 명지동 일반상가 플러스타워1,일반상가 플러스타워10층
331,332,명지동,월세,196,113,-,-,3000,100,부산시 강서구 명지동 중소형사무실 퍼스트삼융,중소형사무실 퍼스트삼융4층
332,333,명지동,월세,232.86,140,-,-,2000,170,부산시 강서구 명지동 일반상가,일반상가2층
333,334,명지동,월세,165.02,165.02,-,-,4000,330,부산시 강서구 명지동 일반상가,일반상가1층
334,335,명지동,월세,258.84,246.86,-,-,5000,250,부산시 강서구 명지동 일반상가,일반상가9층
335,336,명지동,월세,374.9,374.9,-,-,5000,350,부산시 강서구 명지동 일반상가,일반상가7층
336,337,명지동,월세,258.84,246.86,-,-,5000,250,부산시 강서구 명지동 일반상가,일반상가9층
337,338,명지동,월세,297,180,-,-,2000,120,부산시 강서구 명지동 일반상가,일반상가4층
338,339,명지동,월세,300,57,-,-,1500,80,부산시 강서구 명지동 일반상가,일반상가2층
339,340,명지동,월세,273,186.48,-,-,3000,160,부산시 강서구 명지동 일반상가,일반상가7층
340,341,명지동,월세,345.81,183.48,-,-,5000,450,부산시 강서구 명지동 일반상가,일반상가2층
341,342,명지동,월세,345.81,183.48,-,-,5000,450,부산시 강서구 명지동 일반상가,일반상가2층
342,343,명지동,월세,273,186.48,-,-,5000,230,부산시 강서구 명지동 일반상가,일반상가2층
343,344,명지동,월세,296,176,-,-,3000,130,부산시 강서구 명지동 대형사무실 플러스존2,대형사무실 플러스존25층
344,345,명지동,월세,294,51,-,-,2000,170,부산시 강서구 명지동 일반상가,일반상가1층
345,346,명지동,월세,1117.6,61.38,-,-,2000,100,부산시 강서구 명지동 복합상가,복합상가3층
346,347,명지동,월세,178,107,-,-,2000,100,부산시 강서구 명지동 일반상가 에코팰리스,일반상가 에코팰리스8층
347,348,명지동,월세,261.1,153.7,-,-,2000,180,부산시 강서구 명지동 일반상가 포르스빌,일반상가 포르스빌1층
348,349,명지동,월세,191.7,69.4,-,-,2000,90,부산시 강서구 명지동 일반상가 장윤빌,일반상가 장윤빌1층
349,350,명지동,월세,317.24,188.57,-,-,2000,130,부산시 강서구 명지동 일반상가,일반상가5층
350,351,명지동,월세,234.03,234.03,-,-,10000,350,부산시 강서구 명지동 일반상가,일반상가5층
351,352,명지동,월세,235.12,140.25,-,-,2000,120,부산시 강서구 명지동 일반상가,일반상가2층
352,353,명지동,월세,1001.4,578.77,-,-,10000,450,부산시 강서구 명지동 복합상가,복합상가3층
353,354,명지동,월세,235.12,140.25,-,-,2000,120,부산시 강서구 명지동 일반상가,일반상가2층
354,355,명지동,월세,224,140.25,-,-,2000,140,부산시 강서구 명지동 일반상가,일반상가2층
355,356,명지동,월세,871,500,-,-,6000,400,부산시 강서구 명지동 일반상가,일반상가6층
356,357,명지동,월세,297,180,-,-,2000,130,부산시 강서구 명지동 일반상가 제이티프라자,일반상가 제이티프라자4층
357,358,명지동,월세,197,111.54,-,-,2000,80,부산시 강서구 명지동 일반상가,일반상가3층
358,359,명지동,월세,205.16,121.95,-,-,1000,100,부산시 강서구 명지동 일반상가,일반상가2층
359,360,명지동,월세,186.23,110.7,-,-,1000,60,부산시 강서구 명지동 일반상가,일반상가2층
360,361,명지동,월세,768955,46.19,-,-,2000,210,부산시 강서구 명지동 복합상가,복합상가1층
361,362,명지동,월세,180,180,-,-,2000,140,부산시 강서구 명지동 일반상가,일반상가4층
362,363,명지동,월세,287.6,167.96,-,-,2000,150,부산시 강서구 명지동 일반상가,일반상가2층
363,364,명지동,월세,280,163.3,-,-,2000,80,부산시 강서구 명지동 일반상가 플러스타워,일반상가 플러스타워6층
364,365,명지동,월세,214.83,119.7,-,-,2000,70,부산시 강서구 명지동 일반상가,일반상가6층
365,366,명지동,월세,228,147.8,-,-,2000,180,부산시 강서구 명지동 일반상가,일반상가1층
366,367,명지동,월세,261.1,152,-,-,2000,180,부산시 강서구 명지동 일반상가,일반상가1층
367,368,명지동,월세,178.21,107.5,-,-,2000,160,부산시 강서구 명지동 일반상가 에코팰리스,일반상가 에코팰리스2층
368,369,명지동,월세,182.69,110.25,-,-,2000,120,부산시 강서구 명지동 일반상가,일반상가2층
369,370,명지동,월세,288.6,46,-,-,2000,120,부산시 강서구 명지동 일반상가,일반상가1층
370,371,명지동,월세,1149.54,1149.54,-,-,20000,1200,부산시 강서구 명지동 일반상가,일반상가7층
371,372,명지동,월세,327.2,224.7,-,-,3000,200,부산시 강서구 명지동 일반상가,일반상가2층
372,373,명지동,월세,291.79,199.8,-,-,5000,250,부산시 강서구 명지동 일반상가,일반상가2층
373,374,명지동,월세,317.45,179.73,-,-,3000,140,부산시 강서구 명지동 일반상가,일반상가9층
374,375,명지동,월세,165.02,165.02,-,-,4000,300,부산시 강서구 명지동 일반상가,일반상가1층
375,376,명지동,월세,312.45,188.57,-,-,2000,100,부산시 강서구 명지동 일반상가 존2,일반상가 존24층
376,377,명지동,월세,235.12,140.25,-,-,2000,140,부산시 강서구 명지동 일반상가,일반상가2층
377,378,명지동,월세,224.79,224.79,-,-,5000,250,부산시 강서구 명지동 일반상가,일반상가2층
378,379,명지동,월세,236.92,180,-,-,2000,170,부산시 강서구 명지동 일반상가,일반상가2층
379,380,명지동,월세,925.6,383.4,-,-,10000,500,부산시 강서구 명지동 일반상가,일반상가1층
380,381,명지동,월세,345.8,183.4,-,-,5000,450,부산시 강서구 명지동 복합상가 세정프라자,복합상가 세정프라자2층
381,382,명지동,월세,308.14,267.12,-,-,3000,180,부산시 강서구 명지동 일반상가,일반상가4층
382,383,명지동,월세,478,478,-,-,10000,460,부산시 강서구 명지동 단지내상가,단지내상가3층
383,384,명지동,월세,267.36,208.94,-,-,3000,200,부산시 강서구 명지동 일반상가,일반상가3층
384,385,명지동,월세,250.1,250.1,-,-,7000,300,부산시 강서구 명지동 일반상가,일반상가3층
385,386,명지동,월세,320.81,185.11,-,-,2000,110,부산시 강서구 명지동 일반상가,일반상가4층
386,387,명지동,월세,195.03,113.74,-,-,2000,100,부산시 강서구 명지동 일반상가,일반상가2층
387,388,명지동,월세,182.47,182.47,-,-,3000,250,부산시 강서구 명지동 일반상가,일반상가1층
388,389,명지동,월세,317.3,179.7,-,-,3000,140,부산시 강서구 명지동 일반상가 더프라임,일반상가 더프라임9층
389,390,명지동,월세,214.24,124.7,-,-,2000,130,부산시 강서구 명지동 일반상가1,일반상가11층
390,391,명지동,월세,174,105,-,-,2000,70,부산시 강서구 명지동 단지내상가 에코펠리스,단지내상가 에코펠리스8층
391,392,명지동,월세,251.38,180,-,-,2000,150,부산시 강서구 명지동 일반상가 제이티,일반상가 제이티3층
392,393,명지동,월세,250.4,131.4,-,-,2000,80,부산시 강서구 명지동 일반상가,일반상가3층
393,394,명지동,월세,1101.5,50.4,-,-,3000,190,부산시 강서구 명지동 복합상가,복합상가1층
394,395,명지동,월세,2269.5,55.13,-,-,4000,230,부산시 강서구 명지동 복합상가,복합상가1층
395,396,명지동,월세,176.2,96.2,-,-,2000,90,부산시 강서구 명지동 일반상가 서린빌딩,일반상가 서린빌딩2층
396,397,명지동,월세,284.36,284.36,-,-,5000,250,부산시 강서구 명지동 일반상가,일반상가2층
397,398,명지동,월세,478.68,478.68,-,-,10000,500,부산시 강서구 명지동 일반상가 미강빌딩,일반상가 미강빌딩2층
398,399,명지동,월세,264.4,167.7,-,-,2000,90,부산시 강서구 명지동 일반상가 플러스타워1,일반상가 플러스타워10층
399,400,명지동,월세,279,163,-,-,2000,80,부산시 강서구 명지동 일반상가,일반상가6층
400,401,명지동,월세,171.74,75.85,-,-,3000,130,부산시 강서구 명지동 중소형사무실 더샵퍼스트월드 샤인1,중소형사무실 더샵퍼스트월드 샤인11층
401,402,명지동,월세,294.2,148,-,-,3000,250,부산시 강서구 명지동 일반상가,일반상가1층
402,403,명지동,월세,195,124.2,-,-,3000,280,부산시 강서구 명지동 일반상가,일반상가1층
403,404,명지동,월세,165.29,165.29,-,-,5000,155,부산시 강서구 명지동 일반상가,일반상가5층
404,405,명지동,월세,228,133.8,-,-,3000,220,부산시 강서구 명지동 일반상가 번성빌,일반상가 번성빌1층
405,406,명지동,월세,228,138.8,-,-,3000,200,부산시 강서구 명지동 일반상가,일반상가1층
406,407,명지동,월세,207,207,-,-,5000,180,부산시 강서구 명지동 일반상가,일반상가6층
407,408,명지동,월세,345.4,345.4,-,-,20000,1000,부산시 강서구 명지동 일반상가 더엠빌딩,일반상가 더엠빌딩4층
408,409,명지동,월세,521,400,-,-,10000,500,부산시 강서구 명지동 일반상가,일반상가1층
409,410,명지동,월세,1118,118,-,-,4000,230,부산시 강서구 명지동 일반상가,일반상가1층
410,411,명지동,월세,536.14,79.33,-,-,2000,144,부산시 강서구 명지동 단지내상가,단지내상가1층
411,412,명지동,월세,346.6,175.1,-,-,3000,100,부산시 강서구 명지동 복합상가 청산오션타워,복합상가 청산오션타워2층
412,413,명지동,월세,760,388.95,-,-,8000,450,부산시 강서구 명지동 일반상가,일반상가4층
413,414,명지동,월세,382.26,382.26,-,-,10000,500,부산시 강서구 명지동 일반상가,일반상가1층
414,415,명지동,월세,257.8,134.9,-,-,3000,200,부산시 강서구 명지동 일반상가,일반상가1층
415,416,명지동,월세,211.37,127.48,-,-,2000,130,부산시 강서구 명지동 일반상가1,일반상가10층
416,417,명지동,월세,536.14,79.33,-,-,2000,144,부산시 강서구 명지동 단지내상가,단지내상가1층
417,418,명지동,월세,287.6,167.96,-,-,2000,80,부산시 강서구 명지동 일반상가,일반상가6층
418,419,명지동,월세,286,126.31,-,-,3000,200,부산시 강서구 명지동 중소형사무실 더샵명지퍼스트월드 샤인2,중소형사무실 더샵명지퍼스트월드 샤인21층
419,420,명지동,월세,341.77,150.94,-,-,3000,200,부산시 강서구 명지동 대형사무실 더샵퍼스트월드 샤인1,대형사무실 더샵퍼스트월드 샤인15층
420,421,명지동,월세,287.6,167.96,-,-,3000,150,부산시 강서구 명지동 일반상가,일반상가2층
421,422,명지동,월세,807,216.53,-,-,5000,200,부산시 강서구 명지동 일반상가,일반상가1층
422,423,명지동,월세,261.1,137.1,-,-,2000,180,부산시 강서구 명지동 일반상가,일반상가1층
423,424,명지동,월세,228,140.4,-,-,2000,180,부산시 강서구 명지동 일반상가,일반상가1층
424,425,명지동,월세,228,140.4,-,-,2000,180,부산시 강서구 명지동 일반상가,일반상가1층
425,426,명지동,월세,197.1,38.1,-,-,3000,130,부산시 강서구 명지동 일반상가,일반상가1층
426,427,명지동,월세,406,224,-,-,2000,110,부산시 강서구 명지동 일반상가,일반상가9층
427,428,명지동,월세,195,104.7,-,-,3000,180,부산시 강서구 명지동 일반상가,일반상가1층
428,429,명지동,월세,294.2,171.9,-,-,2000,190,부산시 강서구 명지동 일반상가,일반상가1층
429,430,명지동,월세,274,274,-,-,10000,400,부산시 강서구 명지동 일반상가 대성빌딩,일반상가 대성빌딩2층
430,431,명지동,월세,184,106,-,-,1000,100,부산시 강서구 명지동 일반상가,일반상가4층
431,432,명지동,월세,181,104,-,-,1000,75,부산시 강서구 명지동 일반상가,일반상가7층
432,433,명지동,월세,201.38,130.9,-,-,2000,100,부산시 강서구 명지동 일반상가,일반상가4층
433,434,명지동,월세,228,140.3,-,-,2000,130,부산시 강서구 명지동 일반상가,일반상가1층
434,435,명지동,월세,210.9,104.4,-,-,5000,250,부산시 강서구 명지동 단지내상가,단지내상가1층
435,436,명지동,월세,250.4,131.4,-,-,2000,80,부산시 강서구 명지동 일반상가,일반상가3층
436,437,명지동,월세,875.1,464.86,-,-,6000,350,부산시 강서구 명지동 일반상가,일반상가3층
437,438,명지동,월세,174,105,-,-,1000,60,부산시 강서구 명지동 일반상가 에코팰리스,일반상가 에코팰리스8층
438,439,명지동,월세,1001.5,42.92,-,-,2000,130,부산시 강서구 명지동 복합상가,복합상가1층
439,440,명지동,월세,190.6,190.6,-,-,2000,250,부산시 강서구 명지동 일반상가,일반상가2층
440,441,명지동,월세,173,98,-,-,3000,120,부산시 강서구 명지동 일반상가 예성빌딩,일반상가 예성빌딩3층
441,442,명지동,월세,244.6,142.7,-,-,3000,190,부산시 강서구 명지동 일반상가,일반상가5층
442,443,명지동,월세,263.48,142.45,-,-,3000,200,부산시 강서구 명지동 일반상가,일반상가7층
443,444,명지동,월세,165.02,165.02,-,-,3000,300,부산시 강서구 명지동 일반상가,일반상가1층
444,445,명지동,월세,1149.54,1149.54,-,-,20000,1200,부산시 강서구 명지동 일반상가,일반상가7층
445,446,명지동,월세,197.1,38.1,-,-,3000,130,부산시 강서구 명지동 일반상가,일반상가1층
446,447,명지동,월세,321.7,187.62,-,-,2000,150,부산시 강서구 명지동 일반상가 대명프라자,일반상가 대명프라자2층
447,448,명지동,월세,521,400,-,-,10000,500,부산시 강서구 명지동 일반상가,일반상가1층
448,449,명지동,월세,228,111.4,-,-,2000,150,부산시 강서구 명지동 일반상가 부성빌,일반상가 부성빌1층
449,450,명지동,월세,236.87,136.67,-,-,1000,90,부산시 강서구 명지동 일반상가,일반상가4층
450,451,명지동,월세,198,97.2,-,-,2000,120,부산시 강서구 명지동 일반상가,일반상가1층
451,452,명지동,월세,478,478,-,-,10000,460,부산시 강서구 명지동 일반상가,일반상가3층
452,453,명지동,월세,174,105,-,-,500,50,부산시 강서구 명지동 일반상가1,일반상가10층
453,454,명지동,월세,174.12,105,-,-,1000,90,부산시 강서구 명지동 일반상가,일반상가3층
454,455,명지동,월세,169.6,92.72,-,-,2000,90,부산시 강서구 명지동 일반상가,일반상가2층
455,456,명지동,월세,245,142.79,-,-,3000,190,부산시 강서구 명지동 일반상가,일반상가5층
456,457,명지동,월세,167.78,125.9,-,-,3000,120,부산시 강서구 명지동 일반상가,일반상가4층
457,458,명지동,월세,1001,145,-,-,4000,240,부산시 강서구 명지동 일반상가,일반상가2층
458,459,명지동,월세,480,288,-,-,10000,550,부산시 강서구 명지동 일반상가,일반상가3층
459,460,명지동,월세,343.72,151.8,-,-,4000,280,부산시 강서구 명지동 대형사무실1,대형사무실16층
460,461,명지동,월세,317,188,-,-,2000,100,부산시 강서구 명지동 일반상가 플러스존2,일반상가 플러스존24층
461,462,명지동,월세,900,300,-,-,10000,1000,부산시 강서구 명지동 일반상가,일반상가1층
462,463,명지동,월세,1117.6,44.7,-,-,3000,230,부산시 강서구 명지동 복합상가,복합상가1층
463,464,명지동,월세,198.35,99.17,-,-,1000,70,부산시 강서구 명지동 일반상가,일반상가1층
464,465,명지동,월세,212,212,-,-,5000,280,부산시 강서구 명지동 일반상가,일반상가2층
465,466,명지동,월세,333.3,237.6,-,-,4000,160,부산시 강서구 명지동 일반상가,일반상가7층
466,467,명지동,월세,237,237,-,-,3000,200,부산시 강서구 명지동 일반상가,일반상가2층
467,468,명지동,월세,300,144.93,-,-,3000,180,부산시 강서구 명지동 일반상가,일반상가1층
468,469,명지동,월세,300,144.93,-,-,3000,180,부산시 강서구 명지동 일반상가,일반상가1층
469,470,명지동,월세,408.84,245.58,-,-,3000,200,부산시 강서구 명지동 일반상가,일반상가9층
470,471,명지동,월세,345,207.27,-,-,5000,180,부산시 강서구 명지동 복합상가,복합상가6층
471,472,명지동,월세,287.6,167.96,-,-,2000,70,부산시 강서구 명지동 일반상가,일반상가6층
472,473,명지동,월세,195,107,-,-,3000,130,부산시 강서구 명지동 중소형사무실,중소형사무실3층
473,474,명지동,월세,280.03,163.54,-,-,2000,80,부산시 강서구 명지동 일반상가,일반상가6층
474,475,명지동,월세,174.12,105,-,-,1000,60,부산시 강서구 명지동 일반상가1,일반상가10층
475,476,명지동,월세,230.7,89.08,-,-,3000,220,부산시 강서구 명지동 일반상가,일반상가1층
476,477,명지동,월세,221.71,221.71,-,-,3000,210,부산시 강서구 명지동 일반상가,일반상가2층
477,478,명지동,월세,198,108.03,-,-,2000,100,부산시 강서구 명지동 일반상가,일반상가1층
478,479,명지동,월세,221.71,221.71,-,-,3000,210,부산시 강서구 명지동 일반상가,일반상가2층
479,480,명지동,월세,210.81,172.26,-,-,3000,120,부산시 강서구 명지동 복합상가,복합상가4층
480,481,명지동,월세,287.6,46.28,-,-,2000,120,부산시 강서구 명지동 일반상가,일반상가1층
481,482,명지동,월세,214,132,-,-,3000,120,부산시 강서구 명지동 일반상가,일반상가3층
482,483,명지동,월세,492,86,-,-,2000,120,부산시 강서구 명지동 일반상가,일반상가2층
483,484,명지동,월세,809,809,-,-,10000,510,부산시 강서구 명지동 일반상가,일반상가7층
484,485,명지동,월세,296.54,176.26,-,-,2000,150,부산시 강서구 명지동 대형사무실 플러스존2,대형사무실 플러스존24층
485,486,명지동,월세,280,163,-,-,2000,80,부산시 강서구 명지동 일반상가,일반상가6층
486,487,명지동,월세,189,109.61,-,-,2000,70,부산시 강서구 명지동 일반상가,일반상가2층
487,488,명지동,월세,451.29,451.29,-,-,7000,400,부산시 강서구 명지동 일반상가,일반상가9층
488,489,명지동,월세,276.09,276,-,-,5000,300,부산시 강서구 명지동 일반상가,일반상가9층
489,490,명지동,월세,455.11,455.11,-,-,5000,400,부산시 강서구 명지동 일반상가,일반상가6층
490,491,명지동,월세,203.05,111,-,-,4000,340,부산시 강서구 명지동 일반상가,일반상가1층
491,492,명지동,월세,257.12,199.2,-,-,3000,130,부산시 강서구 명지동 일반상가 명호빌딩,일반상가 명호빌딩4층
492,493,명지동,월세,324.52,324.52,-,-,5000,400,부산시 강서구 명지동 일반상가,일반상가2층
493,494,명지동,월세,165.22,66,-,-,1000,80,부산시 강서구 명지동 일반상가,일반상가1층
494,495,명지동,월세,264.5,126.78,-,-,3000,270,부산시 강서구 명지동 일반상가,일반상가1층
495,496,명지동,월세,234.44,136.73,-,-,2000,90,부산시 강서구 명지동 단지내상가,단지내상가6층
496,497,명지동,월세,1047.9,132.07,-,-,2000,130,부산시 강서구 명지동 복합상가,복합상가3층
497,498,명지동,월세,182,105,-,-,2000,100,부산시 강서구 명지동 중소형사무실 퍼스트삼융,중소형사무실 퍼스트삼융2층
498,499,명지동,월세,284,167,-,-,2000,100,부산시 강서구 명지동 일반상가 삼융프라자,일반상가 삼융프라자3층
499,500,명지동,월세,186.23,110.7,-,-,1500,65,부산시 강서구 명지동 일반상가,일반상가3층
500,501,명지동,월세,296.54,176.26,-,-,2000,150,부산시 강서구 명지동 대형사무실 플러스존2,대형사무실 플러스존24층
501,502,명지동,월세,170,72,-,-,1000,110,부산시 강서구 명지동 복합상가,복합상가2층
502,503,명지동,월세,167,75.85,-,-,2000,130,부산시 강서구 명지동 일반상가1,일반상가11층
503,504,명지동,월세,187,113,-,-,1000,40,부산시 강서구 명지동 일반상가 에코팰리스,일반상가 에코팰리스4층
504,505,명지동,월세,186.2,110.7,-,-,1000,60,부산시 강서구 명지동 일반상가 플러스존2,일반상가 플러스존22층
505,506,명지동,월세,587.15,327.14,-,-,3000,250,부산시 강서구 명지동 대형사무실,대형사무실5층
506,507,명지동,월세,184,116,-,-,2000,70,부산시 강서구 명지동 일반상가 대산골든스퀘어,일반상가 대산골든스퀘어5층
507,508,명지동,월세,319.95,319.95,-,-,10000,900,부산시 강서구 명지동 복합상가,복합상가1층
508,509,명지동,월세,483,56,-,-,2000,110,부산시 강서구 명지동 일반상가,일반상가1층
509,510,명지동,월세,209.6,129.05,-,-,2000,110,부산시 강서구 명지동 일반상가,일반상가3층
510,511,명지동,월세,665.53,374.95,-,-,10000,330,부산시 강서구 명지동 일반상가,일반상가6층
511,512,명지동,월세,665.53,374.95,-,-,10000,330,부산시 강서구 명지동 일반상가,일반상가6층
512,513,명지동,월세,665.53,374.95,-,-,10000,330,부산시 강서구 명지동 일반상가,일반상가6층
513,514,명지동,월세,296.54,176.26,-,-,2000,150,부산시 강서구 명지동 대형사무실 플러스존2,대형사무실 플러스존24층
514,515,명지동,월세,184.13,61.64,-,-,5000,250,부산시 강서구 명지동 일반상가,일반상가1층
515,516,명지동,월세,800,56.5,-,-,3000,300,부산시 강서구 명지동 복합상가,복합상가1층
516,517,명지동,월세,174,105,-,-,500,50,부산시 강서구 명지동 일반상가1,일반상가10층
517,518,명지동,월세,875.1,208.93,-,-,3000,250,부산시 강서구 명지동 복합상가,복합상가2층
518,519,명지동,월세,244.9,142.7,-,-,3000,190,부산시 강서구 명지동 일반상가,일반상가5층
519,520,명지동,월세,183.99,114.37,-,-,2000,80,부산시 강서구 명지동 일반상가,일반상가2층
520,521,명지동,월세,9950.5,63.81,-,-,1000,70,부산시 강서구 명지동 복합상가,복합상가3층
521,522,명지동,월세,2641.7,48,-,-,2000,90,부산시 강서구 명지동 복합상가,복합상가1층
522,523,명지동,월세,175,131.32,-,-,2000,165,부산시 강서구 명지동 일반상가,일반상가3층
523,524,명지동,월세,331.38,146.35,-,-,3000,230,부산시 강서구 명지동 중소형사무실1,중소형사무실17층
524,525,명지동,월세,1117,44.08,-,-,3000,100,부산시 강서구 명지동 복합상가,복합상가1층
525,526,명지동,월세,268.8,66,-,-,2000,130,부산시 강서구 명지동 일반상가,일반상가1층
526,527,명지동,월세,1101.5,60.4,-,-,5000,300,부산시 강서구 명지동 복합상가,복합상가1층
527,528,명지동,월세,309,165.02,-,-,4000,330,부산시 강서구 명지동 일반상가,일반상가1층
528,529,명지동,월세,345.05,207.27,-,-,5000,180,부산시 강서구 명지동 일반상가,일반상가6층
529,530,명지동,월세,206.25,128.52,-,-,3000,130,부산시 강서구 명지동 일반상가,일반상가3층
530,531,명지동,월세,188.08,175.56,-,-,3000,130,부산시 강서구 명지동 일반상가,일반상가5층
531,532,명지동,월세,166,96.25,-,-,2000,100,부산시 강서구 명지동 일반상가,일반상가2층
532,533,명지동,월세,294.99,294.99,-,-,5000,200,부산시 강서구 명지동 대형사무실 금송빌딩,대형사무실 금송빌딩3층
533,534,명지동,월세,200.6,200.6,-,-,3000,140,부산시 강서구 명지동 일반상가 플러스시티,일반상가 플러스시티8층
534,535,명지동,월세,317,188,-,-,2000,120,부산시 강서구 명지동 일반상가 플러스존2,일반상가 플러스존25층
535,536,명지동,월세,182,105,-,-,1000,120,부산시 강서구 명지동 일반상가,일반상가2층
536,537,명지동,월세,287.6,168,-,-,2000,80,부산시 강서구 명지동 일반상가 플러스타워1,일반상가 플러스타워11층
537,538,명지동,월세,183.97,180,-,-,2000,120,부산시 강서구 명지동 일반상가,일반상가6층
538,539,명지동,월세,286,167,-,-,2000,90,부산시 강서구 명지동 일반상가,일반상가6층
539,540,명지동,월세,276.81,159.6,-,-,2000,130,부산시 강서구 명지동 중소형사무실,중소형사무실3층
540,541,명지동,월세,166.31,103.63,-,-,2000,80,부산시 강서구 명지동 일반상가 대산골든스퀘어,일반상가 대산골든스퀘어7층
541,542,명지동,월세,195.03,113.74,-,-,2000,100,부산시 강서구 명지동 일반상가,일반상가2층
542,543,명지동,월세,262,151,-,-,2000,150,부산시 강서구 명지동 중소형사무실 퍼스트삼융,중소형사무실 퍼스트삼융2층
543,544,명지동,월세,262,151,-,-,2000,150,부산시 강서구 명지동 중소형사무실 퍼스트삼융,중소형사무실 퍼스트삼융2층
544,545,명지동,월세,308.56,308.56,-,-,10000,1000,부산시 강서구 명지동 일반상가,일반상가1층
545,546,명지동,월세,196,113,-,-,3000,150,부산시 강서구 명지동 일반상가,일반상가4층
546,547,명지동,월세,300,140,-,-,2000,120,부산시 강서구 명지동 일반상가 모아진,일반상가 모아진2층
547,548,명지동,월세,285.4,126,-,-,3000,200,부산시 강서구 명지동 중소형사무실2,중소형사무실21층
548,549,명지동,월세,495,495,-,-,10000,460,부산시 강서구 명지동 일반상가,일반상가2층
549,550,명지동,월세,182.47,182.47,-,-,3000,250,부산시 강서구 명지동 일반상가,일반상가1층
550,551,명지동,월세,212,132,-,-,3000,180,부산시 강서구 명지동 일반상가,일반상가6층
551,552,명지동,월세,578.77,496,-,-,10000,460,부산시 강서구 명지동 일반상가,일반상가2층
552,553,명지동,월세,205,115,-,-,1000,100,부산시 강서구 명지동 일반상가 에스엠빌딩,일반상가 에스엠빌딩5층
553,554,명지동,월세,221.71,221.71,-,-,3000,210,부산시 강서구 명지동 일반상가,일반상가2층
554,555,명지동,월세,264.46,155.37,-,-,3000,130,부산시 강서구 명지동 일반상가,일반상가2층
555,556,명지동,월세,284.37,195.75,-,-,5000,300,부산시 강서구 명지동 일반상가,일반상가2층
556,557,명지동,월세,178,148,-,-,5000,350,부산시 강서구 명지동 일반상가,일반상가1층
557,558,명지동,월세,170.05,95.48,-,-,1000,50,부산시 강서구 명지동 복합상가,복합상가5층
558,559,명지동,월세,-,-,661.16,-,2500,250,부산시 강서구 명지동 답,답
559,560,명지동,월세,247.94,247.94,-,-,7000,300,부산시 강서구 명지동 일반상가,일반상가3층
560,561,명지동,월세,345,180,-,-,2000,130,부산시 강서구 명지동 일반상가,일반상가4층
561,562,명지동,월세,195.03,113.74,-,-,2000,100,부산시 강서구 명지동 일반상가,일반상가2층
562,563,명지동,월세,298.28,180,-,-,2000,180,부산시 강서구 명지동 일반상가,일반상가3층
563,564,명지동,월세,228.7,228.7,-,-,10000,320,부산시 강서구 명지동 일반상가,일반상가3층
564,565,명지동,월세,304,134,-,-,3000,220,부산시 강서구 명지동 일반사무실1,일반사무실11층
565,566,명지동,월세,212,132,-,-,3000,180,부산시 강서구 명지동 일반상가,일반상가6층
566,567,명지동,월세,336.06,194.88,-,-,3000,170,부산시 강서구 명지동 일반상가,일반상가9층
567,568,명지동,월세,352.04,352.04,-,-,10000,900,부산시 강서구 명지동 일반상가,일반상가1층
568,569,명지동,월세,165.02,165.02,-,-,4000,330,부산시 강서구 명지동 일반상가,일반상가1층
569,570,명지동,월세,212,132,-,-,3000,180,부산시 강서구 명지동 일반상가,일반상가6층
570,571,명지동,월세,260.8,140.22,-,-,3000,160,부산시 강서구 명지동 일반상가,일반상가1층
571,572,명지동,월세,212.7,88.7,-,-,2000,120,부산시 강서구 명지동 일반상가,일반상가4층
572,573,명지동,월세,871.26,500.11,-,-,6000,400,부산시 강서구 명지동 일반상가,일반상가6층
573,574,명지동,월세,260.8,140.22,-,-,3000,160,부산시 강서구 명지동 일반상가,일반상가1층
574,575,명지동,월세,215,215,-,-,3000,200,부산시 강서구 명지동 일반상가,일반상가3층
575,576,명지동,월세,685.34,422.45,-,-,7000,600,부산시 강서구 명지동 일반상가,일반상가4층
576,577,명지동,월세,290.8,128.4,-,-,3000,200,부산시 강서구 명지동 중소형사무실1,중소형사무실18층
577,578,명지동,월세,289.06,127.66,-,-,3000,200,부산시 강서구 명지동 중소형사무실1,중소형사무실19층
578,579,명지동,월세,414.55,414.54,-,-,9000,600,부산시 강서구 명지동 복합상가,복합상가4층
579,580,명지동,매매,789.38,470.88,-,"9억 9,000",-,-,부산시 강서구 명지동 일반상가,일반상가9층
580,581,명지동,매매,-,-,7232,140억,-,-,부산시 강서구 명지동,대
581,582,명지동,매매,-,-,172,"2억 9,000",-,-,부산시 강서구 명지동,대
582,583,명지동,매매,-,-,734,35억,-,-,부산시 강서구 명지동 답,답
583,584,명지동,매매,250.52,156.09,-,"4억 3,000",-,-,부산시 강서구 명지동 일반상가,일반상가5층
584,585,명지동,매매,176.69,100.04,-,"4억 9,000",-,-,부산시 강서구 명지동 일반상가,일반상가2층
585,586,명지동,매매,1131,1131,-,33억,-,-,부산시 강서구 명지동 일반상가1,일반상가10층
586,587,명지동,매매,-,-,294,8억,-,-,부산시 강서구 명지동,대
587,588,명지동,매매,166.7,99.44,-,"2억 6,000",-,-,부산시 강서구 명지동 일반상가,일반상가4층
588,589,명지동,매매,-,-,198,6억,-,-,부산시 강서구 명지동,대
589,590,명지동,매매,204.35,119.34,-,"2억 7,000",-,-,부산시 강서구 명지동 일반상가 플러스타워,일반상가 플러스타워8층
590,591,명지동,매매,209.38,145.62,-,"1억 9,000",-,-,부산시 강서구 명지동 일반상가,일반상가3층
591,592,명지동,매매,459,459,-,"9억 9,000",-,-,부산시 강서구 명지동 일반상가,일반상가9층
592,593,명지동,매매,407,225,-,"3억 7,000",-,-,부산시 강서구 명지동 일반상가 플러스시티,일반상가 플러스시티9층
593,594,명지동,매매,290.8,128.4,-,"4억 1,500",-,-,부산시 강서구 명지동 중소형사무실1,중소형사무실18층
594,595,명지동,매매,-,-,270,"9억 5,000",-,-,부산시 강서구 명지동,대
595,596,명지동,매매,-,-,1364.8,100억,-,-,부산시 강서구 명지동,대
596,597,명지동,매매,-,-,2908,65억,-,-,부산시 강서구 명지동,대
597,598,명지동,매매,174,105,-,"2억 3,000",-,-,부산시 강서구 명지동 일반상가,일반상가8층
598,599,명지동,매매,300,207,-,"5억 3,000",-,-,부산시 강서구 명지동 일반상가 포스코3천세대 바로앞상가 투자로굿,일반상가 포스코3천세대 바로앞상가 투자로굿9층
599,600,명지동,매매,-,-,255.3,"6억 9,500",-,-,부산시 강서구 명지동,대
600,601,명지동,매매,950.6,554,-,"16억 8,000",-,-,부산시 강서구 명지동 일반상가 티에스스퀘어,일반상가 티에스스퀘어6층
601,602,명지동,매매,224.11,133.21,-,"6억 5,000",-,-,부산시 강서구 명지동 일반상가,일반상가2층
602,603,명지동,매매,234.7,134.9,-,"2억 7,000",-,-,부산시 강서구 명지동 복합상가 서린프라자,복합상가 서린프라자6층
603,604,명지동,매매,332.21,190.26,-,"3억 9,000",-,-,부산시 강서구 명지동 복합상가,복합상가6층
604,605,명지동,매매,-,-,260.7,8억,-,-,부산시 강서구 명지동,대
605,606,명지동,매매,-,-,342.5,"9억 8,000",-,-,부산시 강서구 명지동,대
606,607,명지동,매매,1001.5,80.43,-,"2억 8,000",-,-,부산시 강서구 명지동 복합상가,복합상가4층
607,608,명지동,매매,-,-,291,"9억 5,000",-,-,부산시 강서구 명지동,대
608,609,명지동,매매,200,130.56,-,6억,-,-,부산시 강서구 명지동 일반상가,일반상가2층
609,610,명지동,매매,300,180,-,"6억 3,000",-,-,부산시 강서구 명지동 복합상가 중심근린상가건물,복합상가 중심근린상가건물3층
610,611,명지동,매매,-,-,398,11억,-,-,부산시 강서구 명지동,대
611,612,명지동,매매,-,-,467,25억,-,-,부산시 강서구 명지동,대
612,613,명지동,매매,4068.26,2346.92,-,35억,-,-,부산시 강서구 명지동 일반상가B,일반상가B2층
613,614,명지동,매매,4068.26,2346.92,-,35억,-,-,부산시 강서구 명지동 일반상가B,일반상가B2층
614,615,명지동,매매,901.69,901.69,-,18억,-,-,부산시 강서구 명지동 일반상가,일반상가9층
615,616,명지동,매매,486.19,242.59,-,"6억 5,000",-,-,부산시 강서구 명지동 일반상가,일반상가9층
616,617,명지동,매매,-,-,241,8억,-,-,부산시 강서구 명지동,대
617,618,명지동,매매,235.12,140.25,-,"4억 5,000",-,-,부산시 강서구 명지동 일반상가,일반상가2층
618,619,명지동,매매,235.12,140.25,-,"4억 5,000",-,-,부산시 강서구 명지동 일반상가,일반상가2층
619,620,명지동,매매,-,-,342.5,"9억 8,000",-,-,부산시 강서구 명지동,대
620,621,명지동,매매,-,-,1632,92억,-,-,부산시 강서구 명지동,대
621,622,명지동,매매,-,-,1323,40억,-,-,부산시 강서구 명지동 답,답
622,623,명지동,매매,1501.1,901.69,-,22억,-,-,부산시 강서구 명지동 일반상가,일반상가9층
623,624,명지동,매매,-,-,2222,60억,-,-,부산시 강서구 명지동,대
624,625,명지동,매매,-,-,956,42억,-,-,부산시 강서구 명지동,대
625,626,명지동,매매,52908,47088,-,"9억 9,000",-,-,부산시 강서구 명지동 일반상가,일반상가9층
626,627,명지동,매매,235.12,140.25,-,"4억 5,000",-,-,부산시 강서구 명지동 일반상가,일반상가2층
627,628,명지동,매매,-,-,260.8,"6억 7,000",-,-,부산시 강서구 명지동,대
628,629,명지동,매매,-,-,1589,97억,-,-,부산시 강서구 명지동,대
629,630,명지동,매매,-,-,762,23억,-,-,부산시 강서구 명지동,대
630,631,명지동,매매,-,-,342.5,"9억 8,000",-,-,부산시 강서구 명지동,대
631,632,명지동,매매,195.41,141.08,-,4억,-,-,부산시 강서구 명지동 일반상가,일반상가2층
632,633,명지동,매매,-,-,1110,"16억 8,000",-,-,부산시 강서구 명지동 답,답
633,634,명지동,매매,244.9,142.7,-,6억,-,-,부산시 강서구 명지동 일반상가 티에스스퀘어,일반상가 티에스스퀘어3층
634,635,명지동,매매,-,-,680,"8억 2,000",-,-,부산시 강서구 명지동 임야,임야
635,636,명지동,매매,-,-,1110,"16억 8,000",-,-,부산시 강서구 명지동 답,답
636,637,명지동,매매,365.74,207.07,-,"5억 3,000",-,-,부산시 강서구 명지동 일반상가,일반상가9층
637,638,명지동,매매,285.41,164.45,-,"3억 9,000",-,-,부산시 강서구 명지동 일반상가 더프라임,일반상가 더프라임9층
638,639,명지동,매매,285.41,164.45,-,"3억 9,000",-,-,부산시 강서구 명지동 일반상가 더프라임,일반상가 더프라임9층
639,640,명지동,매매,285.41,164.45,-,"3억 9,000",-,-,부산시 강서구 명지동 일반상가 더프라임,일반상가 더프라임9층
640,641,명지동,매매,347,246,-,9억,-,-,부산시 강서구 명지동 복합상가,복합상가9층
641,642,명지동,매매,208.79,126,-,5억,-,-,부산시 강서구 명지동 일반상가,일반상가2층
642,643,명지동,매매,216.1,113.4,-,4억,-,-,부산시 강서구 명지동 일반상가 네오웨스턴스퀘어,일반상가 네오웨스턴스퀘어3층
643,644,명지동,매매,-,-,198,6억,-,-,부산시 강서구 명지동,대
644,645,명지동,매매,406,226,-,"3억 7,000",-,-,부산시 강서구 명지동 일반상가,일반상가9층
645,646,명지동,매매,248.8,130.56,-,"3억 5,000",-,-,부산시 강서구 명지동 일반상가,일반상가2층
646,647,명지동,매매,287.6,167.96,-,"2억 9,000",-,-,부산시 강서구 명지동 일반상가 플러스타워1,일반상가 플러스타워10층
647,648,명지동,매매,174.51,140.25,-,"4억 5,000",-,-,부산시 강서구 명지동 일반상가,일반상가2층
648,649,명지동,매매,228.8,228.8,-,12억,-,-,부산시 강서구 명지동 일반상가,일반상가3층
649,650,명지동,매매,-,-,200.3,4억,-,-,부산시 강서구 명지동,대
650,651,명지동,매매,-,-,200.3,4억,-,-,부산시 강서구 명지동,대
651,652,명지동,매매,-,-,276.5,"7억 7,000",-,-,부산시 강서구 명지동,대
652,653,명지동,매매,-,-,2010,73억 800,-,-,부산시 강서구 명지동,대
653,654,명지동,매매,228.64,132.46,-,"3억 9,000",-,-,부산시 강서구 명지동 일반상가,일반상가6층
654,655,명지동,매매,166.31,73.45,-,"3억 7,000",-,-,부산시 강서구 명지동 중소형사무실,중소형사무실8층
655,656,명지동,매매,-,-,200.2,5억,-,-,부산시 강서구 명지동,대
656,657,명지동,매매,1506.59,1051.68,-,26억,-,-,부산시 강서구 명지동 일반상가,일반상가6층
657,658,명지동,매매,-,-,3963.7,250억,-,-,부산시 강서구 명지동,대
658,659,명지동,매매,-,-,680,"8억 2,000",-,-,부산시 강서구 명지동 임야,임야
659,660,명지동,매매,-,-,4442,"13억 5,000",-,-,부산시 강서구 명지동 전,전
660,661,명지동,매매,312.6,182.2,-,"6억 5,000",-,-,부산시 강서구 명지동 일반상가,일반상가4층
661,662,명지동,매매,-,-,282.9,"7억 3,000",-,-,부산시 강서구 명지동,대
662,663,명지동,매매,-,-,255.3,"7억 3,500",-,-,부산시 강서구 명지동,대
663,664,명지동,매매,-,-,280,"7억 6,000",-,-,부산시 강서구 명지동,대
664,665,명지동,매매,244.9,142.7,-,5억,-,-,부산시 강서구 명지동 일반상가 티에스스퀘어,일반상가 티에스스퀘어5층
665,666,명지동,매매,448,261,-,"7억 5,000",-,-,부산시 강서구 명지동 중소형사무실,중소형사무실2층
666,667,명지동,매매,-,-,198.9,"5억 4,000",-,-,부산시 강서구 명지동,대
667,668,명지동,매매,-,-,803,57억,-,-,부산시 강서구 명지동,대
668,669,명지동,매매,-,-,344,"10억 5,000",-,-,부산시 강서구 명지동,대
669,670,명지동,매매,-,-,2222,57억,-,-,부산시 강서구 명지동,대
670,671,명지동,매매,-,-,246,"7억 2,000",-,-,부산시 강서구 명지동,대
671,672,명지동,매매,201.87,151.2,-,"3억 5,000",-,-,부산시 강서구 명지동 중소형사무실,중소형사무실6층
672,673,명지동,매매,-,-,358,"9억 4,000",-,-,부산시 강서구 명지동,대
673,674,명지동,매매,1486,1486,-,34억,-,-,부산시 강서구 명지동 일반상가,일반상가3층
674,675,명지동,매매,-,-,706,19억,-,-,부산시 강서구 명지동 주차장,주차장
675,676,명지동,매매,-,-,276,"7억 7,000",-,-,부산시 강서구 명지동,대
676,677,명지동,매매,408.27,246.86,-,9억,-,-,부산시 강서구 명지동 일반상가,일반상가9층
677,678,명지동,매매,-,-,938.5,60억,-,-,부산시 강서구 명지동,대
678,679,명지동,매매,-,-,718.6,40억,-,-,부산시 강서구 명지동,대
679,680,명지동,매매,-,-,1364.8,100억,-,-,부산시 강서구 명지동,대
680,681,명지동,매매,-,-,1364.8,100억,-,-,부산시 강서구 명지동,대
681,682,명지동,매매,303.86,134.2,-,"4억 2,300",-,-,부산시 강서구 명지동 중소형사무실1,중소형사무실11층
682,683,명지동,매매,-,-,706.3,19억,-,-,부산시 강서구 명지동 주차장,주차장
683,684,명지동,매매,301.99,133.37,-,"4억 2,000",-,-,부산시 강서구 명지동 중소형사무실1,중소형사무실12층
684,685,명지동,매매,314,197,-,6억,-,-,부산시 강서구 명지동 일반상가,일반상가8층
685,686,명지동,매매,909.9,900,-,35억,-,-,부산시 강서구 명지동 일반상가,일반상가4층
686,687,명지동,매매,-,-,2222,60억,-,-,부산시 강서구 명지동,대
687,688,명지동,매매,-,-,706.3,19억,-,-,부산시 강서구 명지동 주차장,주차장
688,689,명지동,매매,-,-,661,24억,-,-,부산시 강서구 명지동,대
689,690,명지동,매매,186.24,110.7,-,"3억 8,000",-,-,부산시 강서구 명지동 일반상가,일반상가2층
690,691,명지동,매매,-,-,956,42억,-,-,부산시 강서구 명지동,대
691,692,명지동,매매,209.8,121,-,2억,-,-,부산시 강서구 명지동 일반상가,일반상가3층
692,693,명지동,매매,165,104,-,"3억 1,500",-,-,부산시 강서구 명지동 일반상가,일반상가8층
693,694,명지동,매매,-,-,956,42억,-,-,부산시 강서구 명지동,대
694,695,명지동,매매,-,-,260,"6억 6,000",-,-,부산시 강서구 명지동,대
695,696,명지동,매매,2676.9,57,-,"7억 7,000",-,-,부산시 강서구 명지동 복합상가,복합상가1층
696,697,명지동,매매,-,-,270,9억,-,-,부산시 강서구 명지동,대
697,698,명지동,매매,-,-,455.4,30억,-,-,부산시 강서구 명지동,대
698,699,명지동,매매,250,156,-,"4억 3,000",-,-,부산시 강서구 명지동 일반상가,일반상가5층
699,700,명지동,매매,-,-,1289,70억,-,-,부산시 강서구 명지동,대
700,701,명지동,매매,-,-,3963.7,270억,-,-,부산시 강서구 명지동,대
701,702,명지동,매매,257,155,-,"4억 5,000",-,-,부산시 강서구 명지동 복합상가,복합상가6층
702,703,명지동,매매,-,-,803.5,48억,-,-,부산시 강서구 명지동,대
703,704,명지동,매매,-,-,3963.7,270억,-,-,부산시 강서구 명지동,대
704,705,명지동,매매,-,-,467,24억,-,-,부산시 강서구 명지동,대
705,706,명지동,매매,-,-,1632,92억,-,-,부산시 강서구 명지동,대
706,707,명지동,매매,176.69,100.04,-,"2억 4,000",-,-,부산시 강서구 명지동 일반상가,일반상가5층
707,708,명지동,매매,197,111.54,-,"2억 3,000",-,-,부산시 강서구 명지동 일반상가,일반상가6층
708,709,명지동,매매,275,171,-,"4억 1,000",-,-,부산시 강서구 명지동 일반상가 지봉빌딩1,일반상가 지봉빌딩14층
709,710,명지동,매매,176.69,100.04,-,"2억 2,000",-,-,부산시 강서구 명지동 일반상가,일반상가6층
710,711,명지동,매매,281,198,-,6억,-,-,부산시 강서구 명지동 일반상가,일반상가5층
711,712,명지동,매매,315.45,167.37,-,"3억 8,500",-,-,부산시 강서구 명지동 일반상가 세정프라자,일반상가 세정프라자4층
712,713,명지동,매매,349.92,175.17,-,"3억 3,000",-,-,부산시 강서구 명지동 일반상가 명지청산오션타워,일반상가 명지청산오션타워2층
713,714,명지동,매매,-,-,241,8억,-,-,부산시 강서구 명지동,대
714,715,명지동,매매,-,-,1365,100억,-,-,부산시 강서구 명지동,대
715,716,명지동,매매,-,-,2011,"38억 5,000",-,-,부산시 강서구 명지동 전,전
716,717,명지동,매매,-,-,1589.3,97억,-,-,부산시 강서구 명지동,대
717,718,명지동,매매,247.94,155.37,-,"4억 3,000",-,-,부산시 강서구 명지동 일반상가,일반상가5층
718,719,명지동,매매,789.38,470.88,-,10억,-,-,부산시 강서구 명지동 일반상가,일반상가9층
719,720,명지동,매매,229,138,-,"4억 5,000",-,-,부산시 강서구 명지동 일반상가,일반상가2층
720,721,명지동,매매,264.46,152.07,-,"4억 5,000",-,-,부산시 강서구 명지동 일반상가,일반상가2층
721,722,명지동,매매,250,131,-,3억,-,-,부산시 강서구 명지동 일반상가 네오웨스턴스퀘어,일반상가 네오웨스턴스퀘어3층
722,723,명지동,매매,-,-,699,34억,-,-,부산시 강서구 명지동,대
723,724,명지동,매매,2019.62,1126.11,-,26억,-,-,부산시 강서구 명지동 복합상가,복합상가6층
724,725,명지동,매매,250,136,-,"5억 2,000",-,-,부산시 강서구 명지동 일반상가,일반상가2층
725,726,명지동,매매,230,151,-,"4억 4,000",-,-,부산시 강서구 명지동 일반상가,일반상가4층
726,727,명지동,매매,-,-,253,"9억 5,000",-,-,부산시 강서구 명지동,대
727,728,명지동,매매,-,-,276.7,"7억 5,000",-,-,부산시 강서구 명지동,대
728,729,명지동,매매,-,-,198,6억,-,-,부산시 강서구 명지동,대
729,730,명지동,매매,233.09,131.32,-,"4억 8,000",-,-,부산시 강서구 명지동 일반상가,일반상가4층
730,731,명지동,매매,-,-,2827,300억,-,-,부산시 강서구 명지동,대
731,732,명지동,매매,-,-,358,"9억 2,000",-,-,부산시 강서구 명지동,대
732,733,명지동,매매,214,132,-,"4억 5,000",-,-,부산시 강서구 명지동 일반상가,일반상가3층
733,734,명지동,매매,-,-,1632,92억,-,-,부산시 강서구 명지동,대
734,735,명지동,매매,197,111.54,-,"2억 8,000",-,-,부산시 강서구 명지동 일반상가 더프라임,일반상가 더프라임7층
735,736,명지동,매매,-,-,358,"9억 2,000",-,-,부산시 강서구 명지동,대
736,737,명지동,매매,-,-,956,42억,-,-,부산시 강서구 명지동,대
737,738,명지동,매매,-,-,1589.3,97억,-,-,부산시 강서구 명지동,대
738,739,명지동,매매,323.97,178.51,-,10억,-,-,부산시 강서구 명지동 일반상가,일반상가2층
739,740,명지동,매매,-,-,198,6억,-,-,부산시 강서구 명지동,대
740,741,명지동,매매,174,105,-,2억 500,-,-,부산시 강서구 명지동 일반상가,일반상가8층
741,742,명지동,매매,262,151,-,"3억 5,000",-,-,부산시 강서구 명지동 일반상가,일반상가6층
742,743,명지동,매매,462,287,-,"6억 8,000",-,-,부산시 강서구 명지동 일반상가,일반상가6층
743,744,명지동,매매,-,-,455.4,30억,-,-,부산시 강서구 명지동,대
744,745,명지동,매매,323,137,-,8억,-,-,부산시 강서구 명지동 복합상가,복합상가2층
745,746,명지동,매매,-,-,297,"8억 1,000",-,-,부산시 강서구 명지동,대
746,747,명지동,매매,-,-,803.9,"48억 6,000",-,-,부산시 강서구 명지동,대
747,748,명지동,매매,317.45,179.73,-,"3억 9,000",-,-,부산시 강서구 명지동 일반상가,일반상가9층
748,749,명지동,매매,-,-,407,22억,-,-,부산시 강서구 명지동,대
749,750,명지동,매매,445.26,445.26,-,11억,-,-,부산시 강서구 명지동 일반상가,일반상가9층
750,751,명지동,매매,229,137.98,-,"4억 5,000",-,-,부산시 강서구 명지동 일반상가,일반상가2층
751,752,명지동,매매,428.74,266.5,-,"8억 6,500",-,-,부산시 강서구 명지동 일반상가,일반상가3층
752,753,명지동,매매,177.57,131.48,-,"3억 5,000",-,-,부산시 강서구 명지동 일반상가,일반상가4층
753,754,명지동,매매,344.46,196.08,-,"5억 5,000",-,-,부산시 강서구 명지동 일반상가,일반상가9층
754,755,명지동,매매,186.21,156.09,-,"4억 3,000",-,-,부산시 강서구 명지동 일반상가,일반상가5층
755,756,명지동,매매,250.52,156.09,-,"4억 3,000",-,-,부산시 강서구 명지동 일반상가,일반상가5층
756,757,명지동,매매,204.35,119.34,-,"2억 5,000",-,-,부산시 강서구 명지동 대형사무실,대형사무실7층
757,758,명지동,매매,-,-,760.3,23억,-,-,부산시 강서구 명지동,대
758,759,명지동,매매,-,-,171,"2억 1,000",-,-,부산시 강서구 명지동 전,전
759,760,명지동,매매,-,-,171,"2억 1,000",-,-,부산시 강서구 명지동 전,전
760,761,명지동,매매,-,-,171,"2억 1,000",-,-,부산시 강서구 명지동 전,전
761,762,명지동,매매,-,-,803.9,"48억 6,000",-,-,부산시 강서구 명지동,대
762,763,명지동,매매,-,-,241,8억,-,-,부산시 강서구 명지동,대
763,764,명지동,매매,-,-,301,"7억 7,000",-,-,부산시 강서구 명지동,대
764,765,명지동,매매,240.3,149.7,-,"3억 9,987",-,-,부산시 강서구 명지동 일반상가 대산골든스퀘어,일반상가 대산골든스퀘어9층
765,766,명지동,매매,-,-,1089,94억,-,-,부산시 강서구 명지동,대
766,767,명지동,매매,766.9,479.3,-,"14억 4,300",-,-,부산시 강서구 명지동 일반상가 대산골든스퀘어,일반상가 대산골든스퀘어9층
767,768,명지동,매매,-,-,1632.3,92억,-,-,부산시 강서구 명지동,대
768,769,명지동,매매,-,-,7232,140억,-,-,부산시 강서구 명지동,대
769,770,명지동,매매,-,-,407,22억,-,-,부산시 강서구 명지동,대
770,771,명지동,매매,-,-,718.6,"46억 5,000",-,-,부산시 강서구 명지동,대
771,772,명지동,매매,-,-,956,42억,-,-,부산시 강서구 명지동,대
772,773,명지동,매매,-,-,282,"7억 5,000",-,-,부산시 강서구 명지동,대
773,774,명지동,매매,-,-,7232,140억,-,-,부산시 강서구 명지동,대
774,775,명지동,매매,407.97,246.86,-,9억,-,-,부산시 강서구 명지동 일반상가,일반상가9층
775,776,명지동,매매,-,-,455.4,30억,-,-,부산시 강서구 명지동,대
776,777,명지동,매매,393.39,135.54,-,"14억 4,000",-,-,부산시 강서구 명지동 일반사무실,일반사무실2층
777,778,명지동,매매,-,-,1623.3,92억,-,-,부산시 강서구 명지동,대
778,779,명지동,매매,-,-,1335,"80억 8,000",-,-,부산시 강서구 명지동,대
779,780,명지동,매매,174.07,105,-,"2억 1,900",-,-,부산시 강서구 명지동 일반상가,일반상가4층
780,781,명지동,매매,-,-,1589.3,97억,-,-,부산시 강서구 명지동,대
781,782,명지동,매매,200,143,-,10억,-,-,부산시 강서구 명지동 일반상가 명지국제타워,일반상가 명지국제타워2층
782,783,명지동,매매,-,-,2222,57억,-,-,부산시 강서구 명지동,대
783,784,명지동,매매,174,105,-,"2억 1,900",-,-,부산시 강서구 명지동 일반상가,일반상가4층
784,785,명지동,매매,-,-,339.5,"10억 3,000",-,-,부산시 강서구 명지동,대
785,786,명지동,매매,184.76,105,-,7억,-,-,부산시 강서구 명지동 일반상가,일반상가7층
786,787,명지동,매매,-,-,2895,260억,-,-,부산시 강서구 명지동,대
787,788,명지동,매매,174,105,-,"2억 1,000",-,-,부산시 강서구 명지동 일반상가,일반상가8층
788,789,명지동,매매,-,-,1322.32,45억,-,-,부산시 강서구 명지동 답,답
789,790,명지동,매매,173.9,104.9,-,"4억 5,000",-,-,부산시 강서구 명지동 일반상가 에코팰리스,일반상가 에코팰리스2층
790,791,명지동,매매,-,-,300,"9억 5,000",-,-,부산시 강서구 명지동,대
791,792,명지동,매매,300,140.25,-,"4억 5,000",-,-,부산시 강서구 명지동 일반상가,일반상가2층
792,793,명지동,매매,-,-,718.6,"46억 5,000",-,-,부산시 강서구 명지동,대
793,794,명지동,매매,-,-,7232,140억,-,-,부산시 강서구 명지동,대
794,795,명지동,매매,-,-,261,"6억 7,000",-,-,부산시 강서구 명지동,대
795,796,성북동,매매,-,-,879.0,4억,0,0,부산시 강서구 성북동,대
796,797,성북동,매매,-,-,10645.0,17억,0,0,부산시 강서구 성북동 임야,임야
797,798,성북동,매매,-,-,10645.0,17억,0,0,부산시 강서구 성북동 임야,임야
798,799,성북동,매매,-,-,6148.99,"3억 7,260",0,0,부산시 강서구 성북동 임야,임야
799,800,성북동,매매,-,-,542.0,"4억 1,000",0,0,부산시 강서구 성북동 전,전
800,801,성북동,매매,-,-,1051.24,"3억 1,800",0,0,부산시 강서구 성북동 전,전
801,802,천성동,매매,-,-,721,10억,0,0,부산시 강서구 천성동 전,전
802,803,천성동,매매,-,-,721,10억,0,0,부산시 강서구 천성동 전,전
803,804,천성동,매매,-,-,1741,20억,0,0,부산시 강서구 천성동 임야,임야
804,805,천성동,매매,-,-,1741,20억,0,0,부산시 강서구 천성동 임야,임야
805,806,천성동,매매,-,-,1741,20억,0,0,부산시 강서구 천성동 임야,임야
806,807,천성동,매매,-,-,10056,35억,0,0,부산시 강서구 천성동 전,전
807,808,천성동,매매,-,-,617,6억,0,0,부산시 강서구 천성동 전,전
808,809,천성동,매매,-,-,387,"3억 6,000",0,0,부산시 강서구 천성동 답,답
809,810,천성동,매매,-,-,387,"3억 6,000",0,0,부산시 강서구 천성동 답,답
810,811,천성동,매매,-,-,721,10억,0,0,부산시 강서구 천성동 전,전
811,812,송정동,매매,-,-,598,"1억 1,000",-,-,부산시 강서구 송정동 전,전
812,813,송정동,매매,-,-,645,"1억 1,000",-,-,부산시 강서구 송정동 전,전
813,814,송정동,매매,-,-,5344,42억,-,-,부산시 강서구 송정동 염전,염전
814,815,송정동,매매,-,-,4959,"52억 5,000",-,-,부산시 강서구 송정동 공장용지,공장용지
815,816,송정동,월세,-,-,1372.9,-,5000,500,부산시 강서구 송정동,대
816,817,송정동,매매,-,-,6597,200억,-,-,부산시 강서구 송정동,대
817,818,송정동,매매,-,-,1597.2,"31억 5,000",-,-,부산시 강서구 송정동,대
818,819,송정동,매매,-,-,25786,450억,-,-,부산시 강서구 송정동 전,전
819,820,송정동,매매,-,-,28525,450억,-,-,부산시 강서구 송정동 전,전
820,821,송정동,매매,-,-,4960,60억,-,-,부산시 강서구 송정동 공장용지,공장용지
821,822,송정동,월세,1000,118,-,-,1000,90,부산시 강서구 송정동 일반상가,일반상가1층
822,823,송정동,월세,1000,118,-,-,1000,90,부산시 강서구 송정동 일반상가,일반상가1층
823,824,송정동,월세,1000,118,-,-,1000,90,부산시 강서구 송정동 일반상가,일반상가1층
824,825,송정동,매매,-,-,4959,"52억 5,000",-,-,부산시 강서구 송정동 공장용지,공장용지
825,826,송정동,매매,-,-,1652.9,35억,-,-,부산시 강서구 송정동,대
826,827,송정동,월세,-,-,1620,-,5000,490,부산시 강서구 송정동,대
827,828,송정동,매매,-,-,5306,13억,-,-,부산시 강서구 송정동 답,답
828,829,송정동,매매,-,-,1007,"7억 6,200",-,-,부산시 강서구 송정동,대
829,830,송정동,매매,-,-,1596.7,"33억 8,100",-,-,부산시 강서구 송정동,대
830,831,송정동,매매,-,-,5344,42억,-,-,부산시 강서구 송정동 염전,염전
